module	Gene	Cluster	MappedGroup
DMG5_0	SOX6	1	DMG
DMG5_0	PLP1	1	DMG
DMG5_0	OLIG1	1	DMG
DMG5_0	BCAN	1	DMG
DMG5_0	SIRT2	1	DMG
DMG5_0	AQP1	1	DMG
DMG5_0	ZNF488	1	DMG
DMG5_0	NCAN	1	DMG
DMG5_0	CNTN1	1	DMG
DMG5_0	SNORC	1	DMG
DMG5_0	GPR17	1	DMG
DMG5_0	OLIG2	1	DMG
DMG5_0	SMOC1	1	DMG
DMG5_0	BCAS1	1	DMG
DMG5_0	PHYHIPL	1	DMG
DMG5_0	PCP4	1	DMG
DMG5_0	MBP	1	DMG
DMG5_0	TNR	1	DMG
DMG5_0	EDNRB	1	DMG
DMG5_0	TIMP4	1	DMG
DMG5_0	SNX22	1	DMG
DMG5_0	MOG	1	DMG
DMG5_0	CSPG5	1	DMG
DMG5_0	HBA2	1	DMG
DMG5_0	TUBB4A	1	DMG
DMG5_0	COL9A3	1	DMG
DMG5_0	HBA1	1	DMG
DMG5_0	PRL	1	DMG
DMG5_0	HBB	1	DMG
DMG5_0	BEX1	1	DMG
DMG5_0	HES5	1	DMG
DMG5_0	LINC00844	1	DMG
DMG5_0	ASCL1	1	DMG
DMG5_0	COL11A2	1	DMG
DMG5_0	PLPPR1	1	DMG
DMG5_0	KCNJ10	1	DMG
DMG5_0	OMG	1	DMG
DMG5_0	SOX10	1	DMG
DMG5_0	LINC02283	1	DMG
DMG5_0	ATP1A2	1	DMG
DMG5_0	GPR37L1	1	DMG
DMG5_0	WFDC1	1	DMG
DMG5_0	SEMA6D	1	DMG
DMG5_0	NKAIN4	1	DMG
DMG5_0	CMTM5	1	DMG
DMG5_0	TMEM132B	1	DMG
DMG5_0	LINC01579	1	DMG
DMG5_0	SEZ6L	1	DMG
DMG5_0	TMEM108	1	DMG
DMG5_0	PLLP	1	DMG
DMG5_1	PLA2G2A	2	DMG
DMG5_1	FCGBP	2	DMG
DMG5_1	CCL2	2	DMG
DMG5_1	EFEMP1	2	DMG
DMG5_1	CD163	2	DMG
DMG5_1	F13A1	2	DMG
DMG5_1	STAB1	2	DMG
DMG5_1	VSIG4	2	DMG
DMG5_1	MS4A6A	2	DMG
DMG5_1	LAIR1	2	DMG
DMG5_1	PLAU	2	DMG
DMG5_1	GPR34	2	DMG
DMG5_1	HAS2	2	DMG
DMG5_1	SCIN	2	DMG
DMG5_1	CYBB	2	DMG
DMG5_1	CPVL	2	DMG
DMG5_1	MS4A7	2	DMG
DMG5_1	HLA-DMB	2	DMG
DMG5_1	RASD1	2	DMG
DMG5_1	LRRN3	2	DMG
DMG5_1	SLC34A2	2	DMG
DMG5_1	LTF	2	DMG
DMG5_1	CXCL12	2	DMG
DMG5_1	FYB1	2	DMG
DMG5_1	ADAP2	2	DMG
DMG5_1	ABCC3	2	DMG
DMG5_1	MS4A4A	2	DMG
DMG5_1	CD4	2	DMG
DMG5_1	C21orf62	2	DMG
DMG5_1	CYP19A1	2	DMG
DMG5_1	LCP2	2	DMG
DMG5_1	CEBPA	2	DMG
DMG5_1	NCKAP1L	2	DMG
DMG5_1	FGL2	2	DMG
DMG5_1	ABI3	2	DMG
DMG5_1	LAT2	2	DMG
DMG5_1	ACTG2	2	DMG
DMG5_1	PIRT	2	DMG
DMG5_1	PRF1	2	DMG
DMG5_1	TNFSF13	2	DMG
DMG5_1	STON1	2	DMG
DMG5_1	MERTK	2	DMG
DMG5_1	POU2F2	2	DMG
DMG5_1	SKAP2	2	DMG
DMG5_1	GASK1B	2	DMG
DMG5_1	TNFSF10	2	DMG
DMG5_1	ALOX5	2	DMG
DMG5_1	ADAMTS4	2	DMG
DMG5_1	TBXAS1	2	DMG
DMG5_1	CYB561D2	2	DMG
DMG5_2	PPDPFL	2	DMG
DMG5_2	OLFM1	2	DMG
DMG5_2	CHPF	2	DMG
DMG5_2	GAPDH	2	DMG
DMG5_2	VEGFA	2	DMG
DMG5_2	NDUFA4L2	2	DMG
DMG5_2	IGFBP2	2	DMG
DMG5_2	MT3	2	DMG
DMG5_2	STMN4	2	DMG
DMG5_2	CABP1	2	DMG
DMG5_2	ZNF395	2	DMG
DMG5_2	NDRG1	2	DMG
DMG5_2	CA9	2	DMG
DMG5_2	FKBP9	2	DMG
DMG5_2	ARRDC3	2	DMG
DMG5_2	PCDH8	2	DMG
DMG5_2	NUPR1	2	DMG
DMG5_2	ENO2	2	DMG
DMG5_2	ADM	2	DMG
DMG5_2	CLEC2B	2	DMG
DMG5_2	OBSL1	2	DMG
DMG5_2	CCND1	2	DMG
DMG5_2	BNIP3	2	DMG
DMG5_2	SLC2A3	2	DMG
DMG5_2	SULF2	2	DMG
DMG5_2	SLC2A1	2	DMG
DMG5_2	HILPDA	2	DMG
DMG5_2	PDE4D	2	DMG
DMG5_2	SNHG12	2	DMG
DMG5_2	NECTIN1	2	DMG
DMG5_2	MT1H	2	DMG
DMG5_2	NQO1	2	DMG
DMG5_2	PDK1	2	DMG
DMG5_2	MT1G	2	DMG
DMG5_2	FOSL2	2	DMG
DMG5_2	VGF	2	DMG
DMG5_2	NUMA1	2	DMG
DMG5_2	NXPH4	2	DMG
DMG5_2	CCN4	2	DMG
DMG5_2	WWP2	2	DMG
DMG5_2	HK2	2	DMG
DMG5_2	P4HA1	2	DMG
DMG5_2	BEND5	2	DMG
DMG5_2	GTPBP8	2	DMG
DMG5_2	NT5C3A	2	DMG
DMG5_2	EGLN3	2	DMG
DMG5_2	ARG2	2	DMG
DMG5_2	SYNPO	2	DMG
DMG5_2	MCHR1	2	DMG
DMG5_2	KDM3A	2	DMG
DMG5_3	C1QL4	3	DMG
DMG5_3	NMU	3	DMG
DMG5_3	VPS13B-DT	3	DMG
DMG5_3	FAM181A	3	DMG
DMG5_3	MVK	3	DMG
DMG5_3	GDPD2	3	DMG
DMG5_3	EID2	3	DMG
DMG5_3	SLIT1	3	DMG
DMG5_3	NEIL2	3	DMG
DMG5_3	BBOX1	3	DMG
DMG5_3	U2AF1L4	3	DMG
DMG5_3	CASTOR3	3	DMG
DMG5_3	SLC25A22	3	DMG
DMG5_3	CA3	3	DMG
DMG5_3	FAHD2B	3	DMG
DMG5_3	IGLC2	3	DMG
DMG5_3	KLC2	3	DMG
DMG5_3	ELAVL4	3	DMG
DMG5_3	PLCD1	3	DMG
DMG5_3	RCBTB1	3	DMG
DMG5_3	GAL3ST3	3	DMG
DMG5_3	DYRK1B	3	DMG
DMG5_3	PCCA	3	DMG
DMG5_3	MYBPH	3	DMG
DMG5_3	CASTOR2	3	DMG
DMG5_3	RAB3IP	3	DMG
DMG5_3	PLA2G5	3	DMG
DMG5_3	KCTD6	3	DMG
DMG5_3	FGF2	3	DMG
DMG5_3	TOR1B	3	DMG
DMG5_3	KIAA0513	3	DMG
DMG5_3	KPTN	3	DMG
DMG5_3	DBP	3	DMG
DMG5_3	AHCYL2	3	DMG
DMG5_3	RPAP1	3	DMG
DMG5_3	EXTL3	3	DMG
DMG5_3	UPF3B	3	DMG
DMG5_3	DPEP1	3	DMG
DMG5_3	TIAM2	3	DMG
DMG5_3	STUM	3	DMG
DMG5_4	AP002852.1	2	DMG
DMG5_4	CXCL8	2	DMG
DMG5_4	GPRC5A	2	DMG
DMG5_4	PLIN2	2	DMG
DMG5_4	AKAP12	2	DMG
DMG5_4	SLC2A11	2	DMG
DMG5_4	TREM1	2	DMG
DMG5_4	ERRFI1	2	DMG
DMG5_4	STC2	2	DMG
DMG5_4	PTGS2	2	DMG
DMG5_4	C15orf48	2	DMG
DMG5_4	ANG	2	DMG
DMG5_4	PTGES	2	DMG
DMG5_4	MAFF	2	DMG
DMG5_4	INSIG1	2	DMG
DMG5_4	BIRC3	2	DMG
DMG5_4	BEND7	2	DMG
DMG5_4	RNASE4	2	DMG
DMG5_4	SLAMF9	2	DMG
DMG5_4	LOX	2	DMG
DMG5_4	IL6	2	DMG
DMG5_4	GEM	2	DMG
DMG5_4	CCL28	2	DMG
DMG5_4	DUSP10	2	DMG
DMG5_4	CITED2	2	DMG
DMG5_4	C5orf46	2	DMG
DMG5_4	SPAG4	2	DMG
DMG5_4	CXCL6	2	DMG
DMG5_4	CXCL1	2	DMG
DMG5_4	C22orf42	2	DMG
DMG5_4	DUSP4	2	DMG
DMG5_4	LINC01358	2	DMG
DMG5_4	GDF15	2	DMG
DMG5_4	SLC6A6	2	DMG
DMG5_4	SFRP4	2	DMG
DMG5_4	SLN	2	DMG
DMG5_4	HSPA6	2	DMG
DMG5_6	PLVAP	2	DMG
DMG5_6	SIGLEC10	2	DMG
DMG5_6	FP565260.1	2	DMG
DMG5_6	LDLR	2	DMG
DMG5_6	HBEGF	2	DMG
DMG5_6	IGHA1	2	DMG
DMG5_6	GPR4	2	DMG
DMG5_6	ADCY7	2	DMG
DMG5_6	SUSD3	2	DMG
DMG5_6	SLC2A6	2	DMG
DMG5_6	TM6SF1	2	DMG
DMG5_6	CYTH4	2	DMG
DMG5_6	MSMP	2	DMG
DMG5_6	GIMAP6	2	DMG
DMG5_6	CNR1	2	DMG
DMG5_6	FAM20A	2	DMG
DMG5_6	GJA4	2	DMG
DMG5_6	JAG2	2	DMG
DMG5_6	NXPH1	2	DMG
DMG5_6	SNAPC4	2	DMG
DMG5_6	ARHGAP9	2	DMG
DMG5_6	FST	2	DMG
DMG5_6	REEP4	2	DMG
DMG5_6	FOLR2	2	DMG
DMG5_6	CIITA	2	DMG
DMG5_6	HS3ST3B1	2	DMG
DMG5_6	TOR2A	2	DMG
DMG5_6	GLI3	2	DMG
DMG5_6	IL10RA	2	DMG
DMG5_6	DMPK	2	DMG
DMG5_6	CD33	2	DMG
DMG5_6	ATAD3B	2	DMG
DMG5_6	CD84	2	DMG
DMG5_6	DOK3	2	DMG
DMG5_6	PTGS1	2	DMG
DMG5_6	ADGRE2	2	DMG
DMG5_6	KIF2C	2	DMG
DMG5_6	TLR2	2	DMG
DMG5_6	CSF3R	2	DMG
DMG5_6	ITGAL	2	DMG
DMG5_6	NOL6	2	DMG
DMG5_6	SLC31A2	2	DMG
DMG5_6	AL445524.1	2	DMG
DMG5_6	SLAMF8	2	DMG
DMG5_8	ISG15	1	DMG
DMG5_8	GPR171	1	DMG
DMG5_8	IFIT1	1	DMG
DMG5_8	PI16	1	DMG
DMG5_8	MX1	1	DMG
DMG5_8	RSAD2	1	DMG
DMG5_8	SIGLEC1	1	DMG
DMG5_8	MAG	1	DMG
DMG5_8	ATP13A4	1	DMG
DMG5_8	BTBD17	1	DMG
DMG5_8	ELFN2	1	DMG
DMG5_8	FERMT1	1	DMG
DMG5_8	AL359091.1	1	DMG
DMG5_8	EXTL1	1	DMG
DMG5_8	CCER2	1	DMG
DMG5_8	GAL3ST1	1	DMG
DMG5_8	PCDH15	1	DMG
DMG5_8	COL9A1	1	DMG
DMG5_8	CXCL10	1	DMG
DMG5_8	RLBP1	1	DMG
DMG5_8	LINC01301	1	DMG
DMG5_8	ASIC1	1	DMG
DMG5_8	KIF21B	1	DMG
DMG5_8	TTC9B	1	DMG
DMG5_8	AL450345.1	1	DMG
DMG5_8	PLAAT1	1	DMG
DMG5_8	KY	1	DMG
DMG5_8	MIR9-3HG	1	DMG
DMG5_8	MX2	1	DMG
DMG5_8	KCNJ16	1	DMG
DMG5_8	GRIK2	1	DMG
DMG5_8	PLD4	1	DMG
DMG5_8	IFIH1	1	DMG
GBM1_0	PTGES3	1	GBM_IDH_MUT
GBM1_0	TOP2A	1	GBM_IDH_MUT
GBM1_0	GADD45G	1	GBM_IDH_MUT
GBM1_0	KLRC2	1	GBM_IDH_MUT
GBM1_0	NCAPD2	1	GBM_IDH_MUT
GBM1_0	AC022075.1	1	GBM_IDH_MUT
GBM1_0	CRABP1	1	GBM_IDH_MUT
GBM1_0	SULF1	1	GBM_IDH_MUT
GBM1_0	WIZ	1	GBM_IDH_MUT
GBM1_0	KIF5A	1	GBM_IDH_MUT
GBM1_0	ASCL1	1	GBM_IDH_MUT
GBM1_0	IGFBP5	1	GBM_IDH_MUT
GBM1_0	B4GALNT1	1	GBM_IDH_MUT
GBM1_0	BEST3	1	GBM_IDH_MUT
GBM1_0	INA	1	GBM_IDH_MUT
GBM1_0	FOXM1	1	GBM_IDH_MUT
GBM1_0	PHC1	1	GBM_IDH_MUT
GBM1_0	PEX5	1	GBM_IDH_MUT
GBM1_0	TPX2	1	GBM_IDH_MUT
GBM1_0	KCTD15	1	GBM_IDH_MUT
GBM1_0	CDT1	1	GBM_IDH_MUT
GBM1_0	RAD51AP1	1	GBM_IDH_MUT
GBM1_0	RND3	1	GBM_IDH_MUT
GBM1_0	RIMKLB	1	GBM_IDH_MUT
GBM1_0	CABP7	1	GBM_IDH_MUT
GBM1_0	MAD2L1	1	GBM_IDH_MUT
GBM1_0	RRM2	1	GBM_IDH_MUT
GBM1_0	NUF2	1	GBM_IDH_MUT
GBM1_0	FOXG1	1	GBM_IDH_MUT
GBM1_0	PPP2R3B	1	GBM_IDH_MUT
GBM1_0	CCNA2	1	GBM_IDH_MUT
GBM1_0	CD27-AS1	1	GBM_IDH_MUT
GBM1_0	CCNB2	1	GBM_IDH_MUT
GBM1_0	ZNF529	1	GBM_IDH_MUT
GBM1_0	FEV	1	GBM_IDH_MUT
GBM1_0	CDCA5	1	GBM_IDH_MUT
GBM1_0	BAZ2A	1	GBM_IDH_MUT
GBM1_0	NR4A1	1	GBM_IDH_MUT
GBM1_0	SAPCD2	1	GBM_IDH_MUT
GBM1_0	SBK1	1	GBM_IDH_MUT
GBM1_0	PENK	1	GBM_IDH_MUT
GBM1_0	CKAP2	1	GBM_IDH_MUT
GBM1_0	ZNF850	1	GBM_IDH_MUT
GBM1_0	CCNB1	1	GBM_IDH_MUT
GBM1_0	PRC1	1	GBM_IDH_MUT
GBM1_0	KIF2C	1	GBM_IDH_MUT
GBM1_0	AURKB	1	GBM_IDH_MUT
GBM1_0	ZFP82	1	GBM_IDH_MUT
GBM1_0	GSE1	1	GBM_IDH_MUT
GBM1_0	HAUS8	1	GBM_IDH_MUT
GBM1_1	GFAP	2	GBM_IDH_MUT
GBM1_1	CST3	2	GBM_IDH_MUT
GBM1_1	FTL	2	GBM_IDH_MUT
GBM1_1	APOC1	2	GBM_IDH_MUT
GBM1_1	MT3	2	GBM_IDH_MUT
GBM1_1	CD74	2	GBM_IDH_MUT
GBM1_1	SERPINA3	2	GBM_IDH_MUT
GBM1_1	PTGDS	2	GBM_IDH_MUT
GBM1_1	MT2A	2	GBM_IDH_MUT
GBM1_1	CTSD	2	GBM_IDH_MUT
GBM1_1	S100A6	2	GBM_IDH_MUT
GBM1_1	HLA-DRA	2	GBM_IDH_MUT
GBM1_1	FAM107A	2	GBM_IDH_MUT
GBM1_1	IFITM3	2	GBM_IDH_MUT
GBM1_1	C1QB	2	GBM_IDH_MUT
GBM1_1	HLA-DRB1	2	GBM_IDH_MUT
GBM1_1	AQP1	2	GBM_IDH_MUT
GBM1_1	GPNMB	2	GBM_IDH_MUT
GBM1_1	MAP1B	2	GBM_IDH_MUT
GBM1_1	ADIRF	2	GBM_IDH_MUT
GBM1_1	HLA-DPB1	2	GBM_IDH_MUT
GBM1_1	CYBA	2	GBM_IDH_MUT
GBM1_1	C1QA	2	GBM_IDH_MUT
GBM1_1	MGST1	2	GBM_IDH_MUT
GBM1_1	C1QC	2	GBM_IDH_MUT
GBM1_1	TYROBP	2	GBM_IDH_MUT
GBM1_1	CSRP1	2	GBM_IDH_MUT
GBM1_1	S100A13	2	GBM_IDH_MUT
GBM1_1	S100A10	2	GBM_IDH_MUT
GBM1_1	SELENOM	2	GBM_IDH_MUT
GBM1_1	MT1E	2	GBM_IDH_MUT
GBM1_1	CD44	2	GBM_IDH_MUT
GBM1_1	IFITM2	2	GBM_IDH_MUT
GBM1_1	HLA-DQB1	2	GBM_IDH_MUT
GBM1_1	S100A1	2	GBM_IDH_MUT
GBM1_1	IGHG1	2	GBM_IDH_MUT
GBM1_1	CCL18	2	GBM_IDH_MUT
GBM1_1	EMP3	2	GBM_IDH_MUT
GBM1_1	IL32	2	GBM_IDH_MUT
GBM1_1	PLAAT4	2	GBM_IDH_MUT
GBM1_1	CD14	2	GBM_IDH_MUT
GBM1_1	S100A4	2	GBM_IDH_MUT
GBM1_1	SLC1A2	2	GBM_IDH_MUT
GBM1_1	DEPP1	2	GBM_IDH_MUT
GBM1_1	HLA-DQA2	2	GBM_IDH_MUT
GBM1_1	MYBPC1	2	GBM_IDH_MUT
GBM1_1	MT1M	2	GBM_IDH_MUT
GBM1_1	CD163	2	GBM_IDH_MUT
GBM1_1	HLA-DQA1	2	GBM_IDH_MUT
GBM1_1	CFD	2	GBM_IDH_MUT
GBM1_2	DLX6-AS1	3	GBM_IDH_MUT
GBM1_2	IGFBP2	3	GBM_IDH_MUT
GBM1_2	PRAME	3	GBM_IDH_MUT
GBM1_2	ELAVL3	3	GBM_IDH_MUT
GBM1_2	TRH	3	GBM_IDH_MUT
GBM1_2	KLK6	3	GBM_IDH_MUT
GBM1_2	CNDP1	3	GBM_IDH_MUT
GBM1_2	ATCAY	3	GBM_IDH_MUT
GBM1_2	UHRF1	3	GBM_IDH_MUT
GBM1_2	CHI3L1	3	GBM_IDH_MUT
GBM1_2	PLPPR3	3	GBM_IDH_MUT
GBM1_2	FCGBP	3	GBM_IDH_MUT
GBM1_2	LMNB2	3	GBM_IDH_MUT
GBM1_2	WDR18	3	GBM_IDH_MUT
GBM1_2	TKTL1	3	GBM_IDH_MUT
GBM1_2	CERS4	3	GBM_IDH_MUT
GBM1_2	SCN3A	3	GBM_IDH_MUT
GBM1_2	HDGFL2	3	GBM_IDH_MUT
GBM1_2	SLC44A5	3	GBM_IDH_MUT
GBM1_2	CITED1	3	GBM_IDH_MUT
GBM1_2	CCK	3	GBM_IDH_MUT
GBM1_2	KDM5B	3	GBM_IDH_MUT
GBM1_2	CNN2	3	GBM_IDH_MUT
GBM1_2	EPHB1	3	GBM_IDH_MUT
GBM1_2	CDK18	3	GBM_IDH_MUT
GBM1_2	PLPP2	3	GBM_IDH_MUT
GBM1_2	NKX2-2	3	GBM_IDH_MUT
GBM1_2	FGFR2	3	GBM_IDH_MUT
GBM1_2	FSD1	3	GBM_IDH_MUT
GBM1_2	GRIA2	3	GBM_IDH_MUT
GBM1_2	ADGRL1	3	GBM_IDH_MUT
GBM1_2	LINC02381	3	GBM_IDH_MUT
GBM1_2	DOT1L	3	GBM_IDH_MUT
GBM1_2	ZNF254	3	GBM_IDH_MUT
GBM1_2	ADAM23	3	GBM_IDH_MUT
GBM1_2	HAGLROS	3	GBM_IDH_MUT
GBM1_2	NUDT11	3	GBM_IDH_MUT
GBM1_2	FAM217B	3	GBM_IDH_MUT
GBM1_2	POU3F4	3	GBM_IDH_MUT
GBM1_2	LOXL2	3	GBM_IDH_MUT
GBM1_2	MCCC1	3	GBM_IDH_MUT
GBM1_2	SEMA5A	3	GBM_IDH_MUT
GBM1_2	FAM126A	3	GBM_IDH_MUT
GBM1_2	DIRAS1	3	GBM_IDH_MUT
GBM1_2	REEP1	3	GBM_IDH_MUT
GBM1_2	LINC01234	3	GBM_IDH_MUT
GBM1_2	SMYD3	3	GBM_IDH_MUT
GBM1_2	INTS13	3	GBM_IDH_MUT
GBM1_2	ZNF317	3	GBM_IDH_MUT
GBM1_2	IGLC1	3	GBM_IDH_MUT
GBM1_3	LINC00645	1	GBM_IDH_MUT
GBM1_3	MFAP4	1	GBM_IDH_MUT
GBM1_3	LINC02308	1	GBM_IDH_MUT
GBM1_3	DIO2	1	GBM_IDH_MUT
GBM1_3	KCNN1	1	GBM_IDH_MUT
GBM1_3	TUBB8	1	GBM_IDH_MUT
GBM1_3	IQCN	1	GBM_IDH_MUT
GBM1_3	LRRC75A	1	GBM_IDH_MUT
GBM1_3	PGAM2	1	GBM_IDH_MUT
GBM1_3	FAM27C	1	GBM_IDH_MUT
GBM1_3	GPRIN1	1	GBM_IDH_MUT
GBM1_3	MEF2B	1	GBM_IDH_MUT
GBM1_3	SNCB	1	GBM_IDH_MUT
GBM1_3	AC138647.1	1	GBM_IDH_MUT
GBM1_3	NRSN1	1	GBM_IDH_MUT
GBM1_3	LHX3	1	GBM_IDH_MUT
GBM1_3	RPARP-AS1	1	GBM_IDH_MUT
GBM1_3	POPDC3	1	GBM_IDH_MUT
GBM1_3	COL20A1	1	GBM_IDH_MUT
GBM1_3	CDHR1	1	GBM_IDH_MUT
GBM1_3	AL031430.1	1	GBM_IDH_MUT
GBM1_3	KCNIP2	1	GBM_IDH_MUT
GBM1_3	NT5M	1	GBM_IDH_MUT
GBM1_3	HOXA10	1	GBM_IDH_MUT
GBM1_3	AC090692.1	1	GBM_IDH_MUT
GBM1_3	HOXA11-AS	1	GBM_IDH_MUT
GBM1_3	BRAF	1	GBM_IDH_MUT
GBM1_3	KCNK3	1	GBM_IDH_MUT
GBM1_3	AC020910.5	1	GBM_IDH_MUT
GBM1_3	GTF2IRD1	1	GBM_IDH_MUT
GBM1_3	ACTL6B	1	GBM_IDH_MUT
GBM1_3	FANCG	1	GBM_IDH_MUT
GBM1_3	CDC6	1	GBM_IDH_MUT
GBM1_3	PARP8	1	GBM_IDH_MUT
GBM1_3	PPRC1	1	GBM_IDH_MUT
GBM1_3	ALDH3B1	1	GBM_IDH_MUT
GBM1_3	TMEM254	1	GBM_IDH_MUT
GBM1_3	AC093673.1	1	GBM_IDH_MUT
GBM1_3	WTIP	1	GBM_IDH_MUT
GBM1_3	WNK2	1	GBM_IDH_MUT
GBM1_3	CENPM	1	GBM_IDH_MUT
GBM1_10	MIR4435-2HG	2	GBM_IDH_MUT
GBM1_10	CD248	2	GBM_IDH_MUT
GBM1_10	LAMC3	2	GBM_IDH_MUT
GBM1_10	CCDC3	2	GBM_IDH_MUT
GBM1_10	OLFML2A	2	GBM_IDH_MUT
GBM1_10	UACA	2	GBM_IDH_MUT
GBM1_10	SPRY4	2	GBM_IDH_MUT
GBM1_10	ECM1	2	GBM_IDH_MUT
GBM1_10	LRRC32	2	GBM_IDH_MUT
GBM1_10	MMP9	2	GBM_IDH_MUT
GBM1_10	PLVAP	2	GBM_IDH_MUT
GBM1_10	ADAMTSL2	2	GBM_IDH_MUT
GBM1_10	HIGD1B	2	GBM_IDH_MUT
GBM1_10	ESM1	2	GBM_IDH_MUT
GBM1_10	ITGA11	2	GBM_IDH_MUT
GBM1_10	SEMA3F	2	GBM_IDH_MUT
GBM1_10	PHLDA2	2	GBM_IDH_MUT
GBM1_10	ENPEP	2	GBM_IDH_MUT
GBM1_10	MMRN2	2	GBM_IDH_MUT
GBM1_10	HEYL	2	GBM_IDH_MUT
GBM1_10	ACE	2	GBM_IDH_MUT
GBM1_10	SPINK8	2	GBM_IDH_MUT
GBM1_10	OAF	2	GBM_IDH_MUT
GBM1_10	PDGFB	2	GBM_IDH_MUT
GBM1_10	CLEC14A	2	GBM_IDH_MUT
GBM1_10	FLT1	2	GBM_IDH_MUT
GBM1_10	CDH6	2	GBM_IDH_MUT
GBM1_10	TBX2	2	GBM_IDH_MUT
GBM1_10	OLFML2B	2	GBM_IDH_MUT
GBM1_10	KCNE3	2	GBM_IDH_MUT
GBM1_10	ADGRA2	2	GBM_IDH_MUT
GBM1_10	PCDH12	2	GBM_IDH_MUT
GBM1_10	ANGPT2	2	GBM_IDH_MUT
GBM4_0	SLC1A2	3	GBM_IDH_MUT
GBM4_0	MT3	3	GBM_IDH_MUT
GBM4_0	SLC17A7	3	GBM_IDH_MUT
GBM4_0	SNAP25	3	GBM_IDH_MUT
GBM4_0	SYT1	3	GBM_IDH_MUT
GBM4_0	MT1E	3	GBM_IDH_MUT
GBM4_0	NRGN	3	GBM_IDH_MUT
GBM4_0	ATP1A2	3	GBM_IDH_MUT
GBM4_0	SNCB	3	GBM_IDH_MUT
GBM4_0	EEF1A2	3	GBM_IDH_MUT
GBM4_0	SYN1	3	GBM_IDH_MUT
GBM4_0	NTSR2	3	GBM_IDH_MUT
GBM4_0	NEFL	3	GBM_IDH_MUT
GBM4_0	MT1M	3	GBM_IDH_MUT
GBM4_0	PKIB	3	GBM_IDH_MUT
GBM4_0	CAMK2B	3	GBM_IDH_MUT
GBM4_0	SNCG	3	GBM_IDH_MUT
GBM4_0	DAPL1	3	GBM_IDH_MUT
GBM4_0	GRIN1	3	GBM_IDH_MUT
GBM4_0	FXYD1	3	GBM_IDH_MUT
GBM4_0	PRKAR1B	3	GBM_IDH_MUT
GBM4_0	SYN2	3	GBM_IDH_MUT
GBM4_0	STMN2	3	GBM_IDH_MUT
GBM4_0	PACSIN1	3	GBM_IDH_MUT
GBM4_0	ETNPPL	3	GBM_IDH_MUT
GBM4_0	LY6H	3	GBM_IDH_MUT
GBM4_0	CALY	3	GBM_IDH_MUT
GBM4_0	RGS20	3	GBM_IDH_MUT
GBM4_0	CAMK2A	3	GBM_IDH_MUT
GBM4_0	MYBPC1	3	GBM_IDH_MUT
GBM4_0	CLDN10	3	GBM_IDH_MUT
GBM4_0	SEZ6L2	3	GBM_IDH_MUT
GBM4_0	HPCAL4	3	GBM_IDH_MUT
GBM4_0	PRKCB	3	GBM_IDH_MUT
GBM4_0	EPHB6	3	GBM_IDH_MUT
GBM4_0	NPTX1	3	GBM_IDH_MUT
GBM4_0	LMO3	3	GBM_IDH_MUT
GBM4_0	MIAT	3	GBM_IDH_MUT
GBM4_0	SLC39A12	3	GBM_IDH_MUT
GBM4_0	NEFM	3	GBM_IDH_MUT
GBM4_0	CPLX2	3	GBM_IDH_MUT
GBM4_0	GABRA1	3	GBM_IDH_MUT
GBM4_0	ALDH1A1	3	GBM_IDH_MUT
GBM4_0	HPCA	3	GBM_IDH_MUT
GBM4_0	PPP2R2C	3	GBM_IDH_MUT
GBM4_0	CHGA	3	GBM_IDH_MUT
GBM4_0	FGFR3	3	GBM_IDH_MUT
GBM4_0	SULT4A1	3	GBM_IDH_MUT
GBM4_0	LRRC3B	3	GBM_IDH_MUT
GBM4_0	CTNNA2	3	GBM_IDH_MUT
GBM4_1	SLN	2	GBM_IDH_MUT
GBM4_1	SOCS2	2	GBM_IDH_MUT
GBM4_1	CCL4	2	GBM_IDH_MUT
GBM4_1	ELMOD1	2	GBM_IDH_MUT
GBM4_1	CCL3	2	GBM_IDH_MUT
GBM4_1	ADAMTS8	2	GBM_IDH_MUT
GBM4_1	CCL2	2	GBM_IDH_MUT
GBM4_1	FAM181A	2	GBM_IDH_MUT
GBM4_1	SOCS3	2	GBM_IDH_MUT
GBM4_1	RDH10	2	GBM_IDH_MUT
GBM4_1	FBLN5	2	GBM_IDH_MUT
GBM4_1	H19	2	GBM_IDH_MUT
GBM4_1	MRC2	2	GBM_IDH_MUT
GBM4_1	S100A9	2	GBM_IDH_MUT
GBM4_1	SPTSSB	2	GBM_IDH_MUT
GBM4_1	CCL3L1	2	GBM_IDH_MUT
GBM4_1	CCL4L2	2	GBM_IDH_MUT
GBM4_1	PTX3	2	GBM_IDH_MUT
GBM4_1	CH25H	2	GBM_IDH_MUT
GBM4_1	S100A8	2	GBM_IDH_MUT
GBM4_1	IL1B	2	GBM_IDH_MUT
GBM4_1	APOL4	2	GBM_IDH_MUT
GBM4_1	TNF	2	GBM_IDH_MUT
GBM4_1	PRIMA1	2	GBM_IDH_MUT
GBM4_1	GAL	2	GBM_IDH_MUT
GBM4_1	IER3	2	GBM_IDH_MUT
GBM4_1	MCHR1	2	GBM_IDH_MUT
GBM4_1	TMEM132E	2	GBM_IDH_MUT
GBM4_1	EMILIN2	2	GBM_IDH_MUT
GBM4_1	GBP2	2	GBM_IDH_MUT
GBM4_1	CD163	2	GBM_IDH_MUT
GBM4_1	F13A1	2	GBM_IDH_MUT
GBM4_1	BCL2A1	2	GBM_IDH_MUT
GBM4_1	HAMP	2	GBM_IDH_MUT
GBM4_1	FZD5	2	GBM_IDH_MUT
GBM4_1	BATF3	2	GBM_IDH_MUT
GBM4_1	S100A3	2	GBM_IDH_MUT
GBM4_1	CXCL2	2	GBM_IDH_MUT
GBM4_1	CIITA	2	GBM_IDH_MUT
GBM4_1	VWA5A	2	GBM_IDH_MUT
GBM4_1	GBP1	2	GBM_IDH_MUT
GBM4_1	PI16	2	GBM_IDH_MUT
GBM4_1	ICAM1	2	GBM_IDH_MUT
GBM4_1	FCGR1B	2	GBM_IDH_MUT
GBM4_1	C2	2	GBM_IDH_MUT
GBM4_1	HLA-DOA	2	GBM_IDH_MUT
GBM4_1	FSTL3	2	GBM_IDH_MUT
GBM4_1	MAFF	2	GBM_IDH_MUT
GBM4_1	SLC6A6	2	GBM_IDH_MUT
GBM4_1	CYTH4	2	GBM_IDH_MUT
GBM4_2	LINC01198	1	GBM_IDH_MUT
GBM4_2	HSPA1A	1	GBM_IDH_MUT
GBM4_2	TROAP	1	GBM_IDH_MUT
GBM4_2	PLK4	1	GBM_IDH_MUT
GBM4_2	AC020930.1	1	GBM_IDH_MUT
GBM4_2	MKRN3	1	GBM_IDH_MUT
GBM4_2	MND1	1	GBM_IDH_MUT
GBM4_2	CHAF1B	1	GBM_IDH_MUT
GBM4_2	GSX1	1	GBM_IDH_MUT
GBM4_2	ESPL1	1	GBM_IDH_MUT
GBM4_2	DUSP4	1	GBM_IDH_MUT
GBM4_2	TAB3	1	GBM_IDH_MUT
GBM4_2	AC079630.1	1	GBM_IDH_MUT
GBM4_2	E2F2	1	GBM_IDH_MUT
GBM4_2	CENPL	1	GBM_IDH_MUT
GBM4_2	LINC02488	1	GBM_IDH_MUT
GBM4_2	PIF1	1	GBM_IDH_MUT
GBM4_2	SKA1	1	GBM_IDH_MUT
GBM4_2	TRAIP	1	GBM_IDH_MUT
GBM4_2	CDC25C	1	GBM_IDH_MUT
GBM4_2	WDR62	1	GBM_IDH_MUT
GBM4_2	KLRC4	1	GBM_IDH_MUT
GBM4_2	MMP24	1	GBM_IDH_MUT
GBM4_2	MYBL1	1	GBM_IDH_MUT
GBM4_2	CDCA2	1	GBM_IDH_MUT
GBM4_2	TAF1A	1	GBM_IDH_MUT
GBM4_2	ZGRF1	1	GBM_IDH_MUT
GBM4_2	CEP72	1	GBM_IDH_MUT
GBM4_2	ZNF41	1	GBM_IDH_MUT
GBM4_2	LINC01224	1	GBM_IDH_MUT
GBM4_2	E2F7	1	GBM_IDH_MUT
GBM4_4	LINC01597	1	GBM_IDH_MUT
GBM4_4	TLX1	1	GBM_IDH_MUT
GBM4_4	ISL2	1	GBM_IDH_MUT
GBM4_4	TACR1	1	GBM_IDH_MUT
GBM4_4	AC008543.1	1	GBM_IDH_MUT
GBM4_4	LINC02293	1	GBM_IDH_MUT
GBM4_4	HOXD4	1	GBM_IDH_MUT
GBM4_4	AC091978.1	1	GBM_IDH_MUT
GBM4_4	NEUROD4	1	GBM_IDH_MUT
GBM4_4	AC068643.1	1	GBM_IDH_MUT
GBM4_4	CCNE1	1	GBM_IDH_MUT
GBM4_4	TICRR	1	GBM_IDH_MUT
GBM4_4	HOXA13	1	GBM_IDH_MUT
GBM4_4	CYP2R1	1	GBM_IDH_MUT
GBM4_4	AC013391.3	1	GBM_IDH_MUT
GBM4_4	SOHLH2	1	GBM_IDH_MUT
GBM4_4	RTTN	1	GBM_IDH_MUT
GBM4_4	CAND2	1	GBM_IDH_MUT
GBM4_4	DMRT2	1	GBM_IDH_MUT
GBM4_4	CYP2E1	1	GBM_IDH_MUT
GBM4_4	TBX5	1	GBM_IDH_MUT
GBM4_4	CEP152	1	GBM_IDH_MUT
GBM4_4	AP002784.1	1	GBM_IDH_MUT
GBM4_4	MIR181A2HG	1	GBM_IDH_MUT
GBM4_4	AL139089.1	1	GBM_IDH_MUT
GBM4_4	AC093525.6	1	GBM_IDH_MUT
GBM4_4	LTB4R	1	GBM_IDH_MUT
GBM4_4	AC083880.1	1	GBM_IDH_MUT
GBM4_4	ARHGEF39	1	GBM_IDH_MUT
GBM4_4	AC007541.1	1	GBM_IDH_MUT
GBM4_4	GLRA3	1	GBM_IDH_MUT
GBM4_4	CNKSR1	1	GBM_IDH_MUT
GBM4_4	AL035461.2	1	GBM_IDH_MUT
GBM4_4	RAD54B	1	GBM_IDH_MUT
GBM4_4	VWCE	1	GBM_IDH_MUT
GBM4_4	ZNF610	1	GBM_IDH_MUT
GBM4_4	GRID2	1	GBM_IDH_MUT
GBM4_4	GDNF-AS1	1	GBM_IDH_MUT
GBM4_7	GJA4	2	GBM_IDH_MUT
GBM4_7	MFAP2	2	GBM_IDH_MUT
GBM4_7	ITGA1	2	GBM_IDH_MUT
GBM4_7	LRRC32	2	GBM_IDH_MUT
GBM4_7	TMEM204	2	GBM_IDH_MUT
GBM4_7	MYO1B	2	GBM_IDH_MUT
GBM4_7	PDGFD	2	GBM_IDH_MUT
GBM4_7	ADGRF5	2	GBM_IDH_MUT
GBM4_7	SEMA3F	2	GBM_IDH_MUT
GBM4_7	FLT1	2	GBM_IDH_MUT
GBM4_7	OLFML2A	2	GBM_IDH_MUT
GBM4_7	CD248	2	GBM_IDH_MUT
GBM4_7	ESAM	2	GBM_IDH_MUT
GBM4_7	ACE	2	GBM_IDH_MUT
GBM4_7	HTRA3	2	GBM_IDH_MUT
GBM4_7	CYYR1	2	GBM_IDH_MUT
GBM4_7	CLEC14A	2	GBM_IDH_MUT
GBM4_7	SLC38A11	2	GBM_IDH_MUT
GBM4_7	MYL9	2	GBM_IDH_MUT
GBM4_7	PEAR1	2	GBM_IDH_MUT
GBM4_7	FILIP1L	2	GBM_IDH_MUT
GBM4_7	PHLDA2	2	GBM_IDH_MUT
GBM4_7	PLVAP	2	GBM_IDH_MUT
GBM4_7	COL1A2	2	GBM_IDH_MUT
GBM4_7	ACTG2	2	GBM_IDH_MUT
GBM4_7	ITGA8	2	GBM_IDH_MUT
GBM4_7	SPON2	2	GBM_IDH_MUT
GBM4_7	COL6A2	2	GBM_IDH_MUT
GBM4_7	COL3A1	2	GBM_IDH_MUT
GBM4_7	LAMC3	2	GBM_IDH_MUT
GBM4_7	CDA	2	GBM_IDH_MUT
GBM4_7	LAMB1	2	GBM_IDH_MUT
GBM4_7	PDGFRB	2	GBM_IDH_MUT
GBM4_7	RGS5	2	GBM_IDH_MUT
GBM4_7	ESM1	2	GBM_IDH_MUT
GBM4_7	MPZL2	2	GBM_IDH_MUT
GBM4_7	HSPG2	2	GBM_IDH_MUT
GBM4_7	NOTCH3	2	GBM_IDH_MUT
GBM4_7	NOX4	2	GBM_IDH_MUT
GBM4_7	LUM	2	GBM_IDH_MUT
GBM4_7	ANGPT2	2	GBM_IDH_MUT
GBM4_7	COL1A1	2	GBM_IDH_MUT
GBM4_7	GPR4	2	GBM_IDH_MUT
GBM4_7	LXN	2	GBM_IDH_MUT
GBM4_7	NDUFA4L2	2	GBM_IDH_MUT
GBM4_7	COL18A1	2	GBM_IDH_MUT
GBM4_7	COL4A1	2	GBM_IDH_MUT
GBM4_7	MMP9	2	GBM_IDH_MUT
GBM4_7	IGHG1	2	GBM_IDH_MUT
GBM4_7	CST1	2	GBM_IDH_MUT
GBM4_9	CRYM	3	GBM_IDH_MUT
GBM4_9	SYNPR	3	GBM_IDH_MUT
GBM4_9	GABRG2	3	GBM_IDH_MUT
GBM4_9	DOC2A	3	GBM_IDH_MUT
GBM4_9	SLC26A4-AS1	3	GBM_IDH_MUT
GBM4_9	GABRB2	3	GBM_IDH_MUT
GBM4_9	VSTM2L	3	GBM_IDH_MUT
GBM4_9	NAP1L2	3	GBM_IDH_MUT
GBM4_9	VSTM2A	3	GBM_IDH_MUT
GBM4_9	KCNJ3	3	GBM_IDH_MUT
GBM4_9	RGS4	3	GBM_IDH_MUT
GBM4_9	CHGB	3	GBM_IDH_MUT
GBM4_9	TGFBR3L	3	GBM_IDH_MUT
GBM4_9	PRSS3	3	GBM_IDH_MUT
GBM4_9	PCSK2	3	GBM_IDH_MUT
GBM4_9	NGEF	3	GBM_IDH_MUT
GBM4_9	FRRS1L	3	GBM_IDH_MUT
GBM4_9	RAB3C	3	GBM_IDH_MUT
GBM4_9	TCEAL6	3	GBM_IDH_MUT
GBM4_9	MYT1L	3	GBM_IDH_MUT
GBM4_9	KCNC2	3	GBM_IDH_MUT
GBM4_9	PRKCG	3	GBM_IDH_MUT
GBM4_9	OGDHL	3	GBM_IDH_MUT
GBM4_9	HS6ST3	3	GBM_IDH_MUT
GBM4_9	MPPED1	3	GBM_IDH_MUT
GBM4_9	PTPN5	3	GBM_IDH_MUT
GBM4_9	GRM5	3	GBM_IDH_MUT
GBM4_9	C11orf87	3	GBM_IDH_MUT
GBM4_9	KCNJ4	3	GBM_IDH_MUT
GBM4_9	PDE1B	3	GBM_IDH_MUT
GBM4_9	PVALB	3	GBM_IDH_MUT
DMG3_0	PAGE2B	2	DMG
DMG3_0	F12	2	DMG
DMG3_0	SOCS2	2	DMG
DMG3_0	OLFML2B	2	DMG
DMG3_0	DACT2	2	DMG
DMG3_0	AL392172.1	2	DMG
DMG3_0	GMIP	2	DMG
DMG3_0	BTBD11	2	DMG
DMG3_0	MND1	2	DMG
DMG3_0	SMOC2	2	DMG
DMG3_0	SEPSECS-AS1	2	DMG
DMG3_0	TIMM8A	2	DMG
DMG3_0	ZNF845	2	DMG
DMG3_0	PDE7A	2	DMG
DMG3_0	PLA2G2A	2	DMG
DMG3_0	ASAP3	2	DMG
DMG3_0	KLHL17	2	DMG
DMG3_0	INSYN2A	2	DMG
DMG3_0	KIAA0319	2	DMG
DMG3_0	PARPBP	2	DMG
DMG3_0	AC239800.2	2	DMG
DMG3_0	AC016588.2	2	DMG
DMG3_0	PCCA	2	DMG
DMG3_0	MYO5B	2	DMG
DMG3_0	TADA2A	2	DMG
DMG3_0	RASD1	2	DMG
DMG3_0	SGPP1	2	DMG
DMG3_0	SKA3	2	DMG
DMG3_0	HDC	2	DMG
DMG3_0	PLEKHF2	2	DMG
DMG3_0	S100A8	2	DMG
DMG3_0	POLA2	2	DMG
DMG3_0	AQP5	2	DMG
DMG3_0	CCDC117	2	DMG
DMG3_0	TENT4B	2	DMG
DMG3_0	DEPDC1	2	DMG
DMG3_0	ZKSCAN7	2	DMG
DMG3_0	ZNF367	2	DMG
DMG3_0	TSTD3	2	DMG
DMG3_0	RIC1	2	DMG
DMG3_0	CIITA	2	DMG
DMG3_0	RAD51AP1	2	DMG
DMG3_0	C7orf61	2	DMG
DMG3_0	RSAD2	2	DMG
DMG3_0	PEX12	2	DMG
DMG3_0	CRABP1	2	DMG
DMG3_0	TRIM22	2	DMG
DMG3_0	CDC25A	2	DMG
DMG3_0	SLC25A14	2	DMG
DMG3_0	TTC7A	2	DMG
DMG3_1	CSN1S1	1	DMG
DMG3_1	GPR37L1	1	DMG
DMG3_1	BRINP1	1	DMG
DMG3_1	NR0B1	1	DMG
DMG3_1	OMG	1	DMG
DMG3_1	GAL3ST1	1	DMG
DMG3_1	NEU4	1	DMG
DMG3_1	TAFA1	1	DMG
DMG3_1	LOR	1	DMG
DMG3_1	NSG2	1	DMG
DMG3_1	C4orf19	1	DMG
DMG3_1	RPH3A	1	DMG
DMG3_1	FA2H	1	DMG
DMG3_1	LINC01102	1	DMG
DMG3_1	LINC02260	1	DMG
DMG3_1	FCRLA	1	DMG
DMG3_1	TMEM229B	1	DMG
DMG3_1	SLC4A10	1	DMG
DMG3_1	ENPP6	1	DMG
DMG3_1	MMD2	1	DMG
DMG3_1	PTCD2	1	DMG
DMG3_1	BCL11B	1	DMG
DMG3_1	TGFA	1	DMG
DMG3_1	LIMS2	1	DMG
DMG3_1	GPR22	1	DMG
DMG3_1	VWC2	1	DMG
DMG3_1	MAL2	1	DMG
DMG3_1	DISP3	1	DMG
DMG3_1	GPC6	1	DMG
DMG3_1	CDC25C	1	DMG
DMG3_1	PDE2A	1	DMG
DMG3_1	ZNF365	1	DMG
DMG3_1	C17orf100	1	DMG
DMG3_1	TEDC2	1	DMG
DMG3_1	KCNMB2	1	DMG
DMG3_1	DRD2	1	DMG
DMG3_1	CPM	1	DMG
DMG3_1	LIX1	1	DMG
DMG3_1	FLRT1	1	DMG
DMG3_1	NTNG1	1	DMG
DMG3_1	E2F2	1	DMG
DMG3_1	LINC00943	1	DMG
DMG3_1	GRM5	1	DMG
DMG3_1	LRRC73	1	DMG
DMG3_1	SERTAD4-AS1	1	DMG
DMG3_1	FZD9	1	DMG
DMG3_1	LINC01234	1	DMG
DMG3_1	C1orf74	1	DMG
DMG3_2	CXCL8	2	DMG
DMG3_2	SPP1	2	DMG
DMG3_2	LGALS3	2	DMG
DMG3_2	GPNMB	2	DMG
DMG3_2	HSPA6	2	DMG
DMG3_2	RGS1	2	DMG
DMG3_2	BCL2A1	2	DMG
DMG3_2	GAL	2	DMG
DMG3_2	RAB42	2	DMG
DMG3_2	HSPA1B	2	DMG
DMG3_2	CA9	2	DMG
DMG3_2	VEGFA	2	DMG
DMG3_2	ATF3	2	DMG
DMG3_2	BHLHE40	2	DMG
DMG3_2	SLC2A3	2	DMG
DMG3_2	PLIN2	2	DMG
DMG3_2	DNAJB1	2	DMG
DMG3_2	SLAMF9	2	DMG
DMG3_2	SLC2A1	2	DMG
DMG3_2	PRKCB	2	DMG
DMG3_2	ADM	2	DMG
DMG3_2	C15orf48	2	DMG
DMG3_2	CCN3	2	DMG
DMG3_2	NDRG1	2	DMG
DMG3_2	HK2	2	DMG
DMG3_2	MSR1	2	DMG
DMG3_2	MAFF	2	DMG
DMG3_2	CD163	2	DMG
DMG3_2	SLC11A1	2	DMG
DMG3_2	CLEC5A	2	DMG
DMG3_2	S100A4	2	DMG
DMG3_2	EGLN3	2	DMG
DMG3_2	NCF2	2	DMG
DMG3_2	MCHR1	2	DMG
DMG3_2	SLCO4A1-AS1	2	DMG
DMG3_2	HSPA1A	2	DMG
DMG3_2	SLC6A6	2	DMG
DMG3_2	GEM	2	DMG
DMG3_2	LSP1	2	DMG
DMG3_2	SQOR	2	DMG
DMG3_2	IL1B	2	DMG
DMG3_2	MT1G	2	DMG
DMG3_2	CD300A	2	DMG
DMG3_2	HAMP	2	DMG
DMG3_2	EVI2A	2	DMG
DMG3_2	G0S2	2	DMG
DMG3_2	CA12	2	DMG
DMG3_2	MIR210HG	2	DMG
DMG3_4	DLL4	2	DMG
DMG3_4	TM4SF18	2	DMG
DMG3_4	FLT1	2	DMG
DMG3_4	PLVAP	2	DMG
DMG3_4	HAPLN1	2	DMG
DMG3_4	PDGFB	2	DMG
DMG3_4	MMRN2	2	DMG
DMG3_4	SEMA3F	2	DMG
DMG3_4	ITGA1	2	DMG
DMG3_4	ADGRF5	2	DMG
DMG3_4	KDR	2	DMG
DMG3_4	TBX2	2	DMG
DMG3_4	HEYL	2	DMG
DMG3_4	ROBO4	2	DMG
DMG3_4	CARMN	2	DMG
DMG3_4	TIE1	2	DMG
DMG3_4	ACE	2	DMG
DMG3_4	PCDH12	2	DMG
DMG3_4	MMP9	2	DMG
DMG3_4	FAM20A	2	DMG
DMG3_4	ESM1	2	DMG
DMG3_4	SLC7A11	2	DMG
DMG3_4	GJA4	2	DMG
DMG3_4	LRRC32	2	DMG
DMG3_4	MECOM	2	DMG
DMG3_4	CCN2	2	DMG
DMG3_4	BCL6B	2	DMG
DMG3_4	HSD11B2	2	DMG
DMG3_4	RASIP1	2	DMG
DMG3_4	BARHL1	2	DMG
DMG3_4	LRRC36	2	DMG
DMG3_4	PEAR1	2	DMG
DMG3_4	SEMA3G	2	DMG
DMG3_4	MMP25	2	DMG
DMG3_4	HMCN1	2	DMG
DMG3_4	EBF1	2	DMG
DMG3_4	MYCT1	2	DMG
DMG3_4	STRA6	2	DMG
DMG3_4	GPR4	2	DMG
DMG3_4	NOS3	2	DMG
DMG3_4	IL3RA	2	DMG
DMG3_4	PALMD	2	DMG
DMG3_4	ADAMTS18	2	DMG
DMG3_4	MMRN1	2	DMG
DMG3_4	PTPRB	2	DMG
DMG3_4	ARHGEF15	2	DMG
DMG3_4	FILIP1	2	DMG
DMG3_4	TNFAIP6	2	DMG
DMG3_4	ITGA8	2	DMG
DMG3_4	RERGL	2	DMG
DMG1_0	LINC00599	3	DMG
DMG1_0	PKD1	3	DMG
DMG1_0	TNFRSF25	3	DMG
DMG1_0	PDIA2	3	DMG
DMG1_0	PPFIA4	3	DMG
DMG1_0	SLC22A31	3	DMG
DMG1_0	SHISA8	3	DMG
DMG1_0	RAB26	3	DMG
DMG1_0	KIFC2	3	DMG
DMG1_0	ADAM11	3	DMG
DMG1_0	SRRM3	3	DMG
DMG1_0	CCDC88B	3	DMG
DMG1_0	PLA2G4B	3	DMG
DMG1_0	KCNT1	3	DMG
DMG1_0	RNF112	3	DMG
DMG1_0	KIAA0895L	3	DMG
DMG1_0	BRICD5	3	DMG
DMG1_0	SLC6A7	3	DMG
DMG1_0	FAM106A	3	DMG
DMG1_0	CLK4	3	DMG
DMG1_0	AC007614.1	3	DMG
DMG1_0	RHBDL1	3	DMG
DMG1_0	AP1G2	3	DMG
DMG1_0	PLCH2	3	DMG
DMG1_0	RAB37	3	DMG
DMG1_0	SYTL1	3	DMG
DMG1_0	COL13A1	3	DMG
DMG1_0	ZDHHC11	3	DMG
DMG1_0	ZP2	3	DMG
DMG1_0	AC022424.1	3	DMG
DMG1_0	ANKZF1	3	DMG
DMG1_0	PLK5	3	DMG
DMG1_0	NEIL1	3	DMG
DMG1_0	RASSF7	3	DMG
DMG1_0	SLC26A10	3	DMG
DMG1_0	CPNE6	3	DMG
DMG1_0	NOXA1	3	DMG
DMG1_0	MORN1	3	DMG
DMG1_0	FGF9	3	DMG
DMG1_0	FGF17	3	DMG
DMG1_0	ADCK5	3	DMG
DMG1_0	TMEM266	3	DMG
DMG1_0	FAM13A-AS1	3	DMG
DMG1_0	SEC31B	3	DMG
DMG1_0	STRC	3	DMG
DMG1_0	AL391845.2	3	DMG
DMG1_0	AC087623.3	3	DMG
DMG1_0	VWA5B2	3	DMG
DMG1_0	ABCA7	3	DMG
DMG1_0	BICDL1	3	DMG
DMG1_1	PVALB	3	DMG
DMG1_1	ALDOC	3	DMG
DMG1_1	PPP1R1B	3	DMG
DMG1_1	NDRG2	3	DMG
DMG1_1	PCP2	3	DMG
DMG1_1	CALB1	3	DMG
DMG1_1	SLC1A6	3	DMG
DMG1_1	PCP4	3	DMG
DMG1_1	ITPR1	3	DMG
DMG1_1	GRIA1	3	DMG
DMG1_1	ALDH1A1	3	DMG
DMG1_1	ATP2A3	3	DMG
DMG1_1	CA8	3	DMG
DMG1_1	PRKCG	3	DMG
DMG1_1	GNG13	3	DMG
DMG1_1	FXYD1	3	DMG
DMG1_1	VSTM2L	3	DMG
DMG1_1	BHLHE22	3	DMG
DMG1_1	DAO	3	DMG
DMG1_1	RGCC	3	DMG
DMG1_1	LINC02552	3	DMG
DMG1_1	MLC1	3	DMG
DMG1_1	NEFL	3	DMG
DMG1_1	GDF10	3	DMG
DMG1_1	LINC01532	3	DMG
DMG1_1	NEFH	3	DMG
DMG1_1	PPP1R17	3	DMG
DMG1_1	SNCG	3	DMG
DMG1_1	HSD11B1	3	DMG
DMG1_1	CLEC2L	3	DMG
DMG1_1	SPINK6	3	DMG
DMG1_1	HES5	3	DMG
DMG1_1	WFDC1	3	DMG
DMG1_1	ELOVL2	3	DMG
DMG1_1	SLC32A1	3	DMG
DMG1_1	ACBD7	3	DMG
DMG1_1	LGI4	3	DMG
DMG1_1	GAD2	3	DMG
DMG1_1	SCGN	3	DMG
DMG1_1	KCNJ16	3	DMG
DMG1_1	GABRG1	3	DMG
DMG1_1	PSD2	3	DMG
DMG1_1	FGFR3	3	DMG
DMG1_1	KCNE5	3	DMG
DMG1_1	MT-ND6	3	DMG
DMG1_1	CACNA1G	3	DMG
DMG1_1	SHISA6	3	DMG
DMG1_1	KIT	3	DMG
DMG1_1	CYP2J2	3	DMG
DMG1_1	HAPLN4	3	DMG
DMG1_2	PLP1	3	DMG
DMG1_2	PPP1R14A	3	DMG
DMG1_2	MAG	3	DMG
DMG1_2	MBP	3	DMG
DMG1_2	OPALIN	3	DMG
DMG1_2	MOBP	3	DMG
DMG1_2	ERMN	3	DMG
DMG1_2	MAL	3	DMG
DMG1_2	MOG	3	DMG
DMG1_2	CLDN11	3	DMG
DMG1_2	NKX6-2	3	DMG
DMG1_2	APLP1	3	DMG
DMG1_2	KLK6	3	DMG
DMG1_2	RNASE1	3	DMG
DMG1_2	HSPA2	3	DMG
DMG1_2	FA2H	3	DMG
DMG1_2	TMEM144	3	DMG
DMG1_2	CARNS1	3	DMG
DMG1_2	AL031056.1	3	DMG
DMG1_2	ENPP2	3	DMG
DMG1_2	GJB1	3	DMG
DMG1_2	EVI2A	3	DMG
DMG1_2	ADIRF	3	DMG
DMG1_2	GPR37	3	DMG
DMG1_2	TMEM125	3	DMG
DMG1_2	SLC31A2	3	DMG
DMG1_2	SEC14L5	3	DMG
DMG1_2	UGT8	3	DMG
DMG1_2	ANLN	3	DMG
DMG1_2	TMEM151A	3	DMG
DMG1_2	PRR18	3	DMG
DMG1_2	GJC2	3	DMG
DMG1_2	EFHD1	3	DMG
DMG1_2	RBP7	3	DMG
DMG1_2	MYRF	3	DMG
DMG1_2	FOLH1	3	DMG
DMG1_2	NINJ2	3	DMG
DMG1_2	PACRG-AS3	3	DMG
DMG1_2	CHADL	3	DMG
DMG1_2	NKAIN2	3	DMG
DMG1_2	AK5	3	DMG
DMG1_2	GPD1	3	DMG
DMG1_2	HHIP	3	DMG
DMG1_2	PEX5L	3	DMG
DMG1_2	CDC42EP2	3	DMG
DMG1_2	S1PR5	3	DMG
DMG1_2	DOCK5	3	DMG
DMG1_2	AC096564.1	3	DMG
DMG1_2	DYSF	3	DMG
DMG1_3	CHI3L1	2	DMG
DMG1_3	S100A8	2	DMG
DMG1_3	NNMT	2	DMG
DMG1_3	FCGBP	2	DMG
DMG1_3	MXRA5	2	DMG
DMG1_3	CYP1B1	2	DMG
DMG1_3	SLPI	2	DMG
DMG1_3	RDH10	2	DMG
DMG1_3	F13A1	2	DMG
DMG1_3	S100A9	2	DMG
DMG1_3	SULF1	2	DMG
DMG1_3	EGR2	2	DMG
DMG1_3	SOCS3	2	DMG
DMG1_3	COL22A1	2	DMG
DMG1_3	APOL1	2	DMG
DMG1_3	ARHGAP36	2	DMG
DMG1_3	SERPINA11	2	DMG
DMG1_3	PCSK1	2	DMG
DMG1_3	CIITA	2	DMG
DMG1_3	CD163	2	DMG
DMG1_3	FIBCD1	2	DMG
DMG1_3	STC1	2	DMG
DMG1_3	FRMD3	2	DMG
DMG1_3	CCL2	2	DMG
DMG1_3	GEM	2	DMG
DMG1_3	RGS16	2	DMG
DMG1_3	GDF15	2	DMG
DMG1_3	FPR1	2	DMG
DMG1_3	PTX3	2	DMG
DMG1_3	COL8A1	2	DMG
DMG1_3	CCN1	2	DMG
DMG1_3	CXCL14	2	DMG
DMG1_3	RASSF5	2	DMG
DMG1_3	AC096537.1	2	DMG
DMG1_3	FCGR1B	2	DMG
DMG1_3	ZMAT4	2	DMG
DMG1_3	MAFF	2	DMG
DMG1_3	MCHR1	2	DMG
DMG1_3	SLC22A4	2	DMG
DMG1_3	BCL3	2	DMG
DMG1_3	TCIM	2	DMG
DMG1_3	KIAA0040	2	DMG
DMG1_3	LIF	2	DMG
DMG1_3	RAC2	2	DMG
DMG1_3	PLVAP	2	DMG
DMG1_3	EGR1	2	DMG
DMG1_3	ZFP36	2	DMG
DMG1_3	MSC	2	DMG
DMG1_3	VASN	2	DMG
DMG1_5	NPPA	1	DMG
DMG1_5	RLBP1	1	DMG
DMG1_5	FXYD7	1	DMG
DMG1_5	UBE2C	1	DMG
DMG1_5	TMSB15A	1	DMG
DMG1_5	BIRC5	1	DMG
DMG1_5	AC138409.3	1	DMG
DMG1_5	MDFI	1	DMG
DMG1_5	FCRLA	1	DMG
DMG1_5	NANOS1	1	DMG
DMG1_5	AC132217.1	1	DMG
DMG1_5	FANCI	1	DMG
DMG1_5	CDCA3	1	DMG
DMG1_5	THSD4	1	DMG
DMG1_5	KIF21B	1	DMG
DMG1_5	GRB14	1	DMG
DMG1_5	TROAP	1	DMG
DMG1_5	SAPCD2	1	DMG
DMG1_5	CENPA	1	DMG
DMG1_5	CDC20	1	DMG
DMG1_5	ALPL	1	DMG
DMG1_5	AC108134.2	1	DMG
DMG1_5	INAVA	1	DMG
DMG1_5	KIF11	1	DMG
DMG1_5	PIK3CD-AS2	1	DMG
DMG1_5	KIF2C	1	DMG
DMG1_5	ATP2A1-AS1	1	DMG
DMG1_5	PLAAT1	1	DMG
DMG1_5	ARHGAP11A	1	DMG
DMG1_5	MGP	1	DMG
DMG1_9	RAB42	2	DMG
DMG1_9	CXCL8	2	DMG
DMG1_9	C15orf48	2	DMG
DMG1_9	SMIM25	2	DMG
DMG1_9	IL4I1	2	DMG
DMG1_9	IL1RN	2	DMG
DMG1_9	PLIN2	2	DMG
DMG1_9	BCL2A1	2	DMG
DMG1_9	OTOA	2	DMG
DMG1_9	CD300A	2	DMG
DMG1_9	RGS14	2	DMG
DMG1_9	MT1H	2	DMG
DMG1_9	CYP19A1	2	DMG
DMG1_9	ADM2	2	DMG
DMG1_9	HSPA6	2	DMG
DMG1_9	CD52	2	DMG
DMG1_9	CCL3L1	2	DMG
DMG1_9	SIGLEC7	2	DMG
DMG1_9	AP002852.1	2	DMG
DMG1_9	ADAM8	2	DMG
DMG1_9	ITIH1	2	DMG
DMG1_9	CCL3	2	DMG
DMG1_9	VMO1	2	DMG
DMG1_9	LOX	2	DMG
DMG1_9	CXCL3	2	DMG
DMG1_9	FBP1	2	DMG
DMG1_9	SERPINE1	2	DMG
DMG1_9	NCF2	2	DMG
DMG1_9	SPAG4	2	DMG
DMG1_9	MT1G	2	DMG
DMG1_9	FCGR2B	2	DMG
DMG1_9	CLEC5A	2	DMG
DMG2_0	FAM106A	1	DMG
DMG2_0	CSAD	1	DMG
DMG2_0	MIAT	1	DMG
DMG2_0	UNC80	1	DMG
DMG2_0	ZNF662	1	DMG
DMG2_0	AGAP4	1	DMG
DMG2_0	CPT1B	1	DMG
DMG2_0	GOLGA6L9	1	DMG
DMG2_0	PPFIA2	1	DMG
DMG2_0	LINC01089	1	DMG
DMG2_0	PURG	1	DMG
DMG2_0	KCNH8	1	DMG
DMG2_0	ATF6B	1	DMG
DMG2_0	TRMT13	1	DMG
DMG2_0	SLC35E2A	1	DMG
DMG2_0	ZNF404	1	DMG
DMG2_0	ZNF789	1	DMG
DMG2_0	GPC2	1	DMG
DMG2_0	IGFN1	1	DMG
DMG2_0	AC006058.1	1	DMG
DMG2_0	AC110285.2	1	DMG
DMG2_0	CENPJ	1	DMG
DMG2_0	DEPDC5	1	DMG
DMG2_0	HEPN1	1	DMG
DMG2_0	MIR503HG	1	DMG
DMG2_0	NBPF26	1	DMG
DMG2_0	MIR124-2HG	1	DMG
DMG2_0	TBC1D2	1	DMG
DMG2_0	AC104964.4	1	DMG
DMG2_0	GDNF-AS1	1	DMG
DMG2_0	CLEC2D	1	DMG
DMG2_0	DHODH	1	DMG
DMG2_0	KLRC2	1	DMG
DMG2_0	ZNF497	1	DMG
DMG2_0	AGER	1	DMG
DMG2_0	TEPSIN	1	DMG
DMG2_0	USP43	1	DMG
DMG2_0	SLC25A27	1	DMG
DMG2_0	AC013391.3	1	DMG
DMG2_0	FBN3	1	DMG
DMG2_0	MYO19	1	DMG
DMG2_0	PARD3B	1	DMG
DMG2_0	ZNF10	1	DMG
DMG2_0	ACSL4	1	DMG
DMG2_0	DDX25	1	DMG
DMG2_0	NR6A1	1	DMG
DMG2_0	PABPC1L	1	DMG
DMG2_0	CDK3	1	DMG
DMG2_0	KIAA1755	1	DMG
DMG2_0	PLGLB1	1	DMG
DMG2_2	RPL39	1	DMG
DMG2_2	MT-CO2	1	DMG
DMG2_2	MT-ND3	1	DMG
DMG2_2	MT-ND4	1	DMG
DMG2_2	MT-CO1	1	DMG
DMG2_2	MT-CYB	1	DMG
DMG2_2	MT-CO3	1	DMG
DMG2_2	MT-ATP6	1	DMG
DMG2_2	RPL10	1	DMG
DMG2_2	MT-ND2	1	DMG
DMG2_2	MT-ND1	1	DMG
DMG2_2	MT-ND5	1	DMG
DMG2_2	RPL36A	1	DMG
DMG2_2	NMB	1	DMG
DMG2_2	MT-ND4L	1	DMG
DMG2_2	RPL38	1	DMG
DMG2_2	RPS18	1	DMG
DMG2_2	RPSA	1	DMG
DMG2_2	RPL27	1	DMG
DMG2_2	TMSB4X	1	DMG
DMG2_2	CLU	1	DMG
DMG2_2	MALAT1	1	DMG
DMG2_2	YBX1	1	DMG
DMG2_2	GFAP	1	DMG
DMG2_2	SDC3	1	DMG
DMG2_2	TMSB15A	1	DMG
DMG2_2	APOE	1	DMG
DMG2_2	RPL27A	1	DMG
DMG2_2	HBB	1	DMG
DMG2_2	ADIRF	1	DMG
DMG2_2	MT-ATP8	1	DMG
DMG2_2	LINC00844	1	DMG
DMG2_2	SPARCL1	1	DMG
DMG2_2	FHL1	1	DMG
DMG2_2	AGT	1	DMG
DMG2_2	HBA1	1	DMG
DMG2_2	S100A16	1	DMG
DMG2_2	AL627171.2	1	DMG
DMG2_2	CRYAB	1	DMG
DMG2_2	ALDOC	1	DMG
DMG2_2	HIST1H4C	1	DMG
DMG2_3	RPS19	1	DMG
DMG2_3	RPL28	1	DMG
DMG2_3	RPS21	1	DMG
DMG2_3	RPS29	1	DMG
DMG2_3	RPL13A	1	DMG
DMG2_3	RPS11	1	DMG
DMG2_3	RPS16	1	DMG
DMG2_3	RPS9	1	DMG
DMG2_3	RPS5	1	DMG
DMG2_3	IFI6	1	DMG
DMG2_3	RPS2	1	DMG
DMG2_3	ISG15	1	DMG
DMG2_3	SNHG25	1	DMG
DMG2_3	FTL	1	DMG
DMG2_3	RPL4	1	DMG
DMG2_3	SNHG6	1	DMG
DMG2_3	IFI44L	1	DMG
DMG2_3	PPDPF	1	DMG
DMG2_3	APOC1	1	DMG
DMG2_3	CSKMT	1	DMG
DMG2_3	ZFAS1	1	DMG
DMG2_3	RPL23	1	DMG
DMG2_3	STAT1	1	DMG
DMG2_3	NES	1	DMG
DMG2_3	MX1	1	DMG
DMG2_3	BST2	1	DMG
DMG2_3	SPP1	1	DMG
DMG2_3	IFI27	1	DMG
DMG2_3	SNHG32	1	DMG
DMG2_3	FXYD7	1	DMG
DMG2_3	NOP53	1	DMG
DMG2_3	CTXN1	1	DMG
DMG2_3	LY6E	1	DMG
DMG2_3	IFIT3	1	DMG
DMG2_3	IFIT1	1	DMG
DMG2_3	IRF9	1	DMG
DMG2_3	GAS5	1	DMG
DMG2_3	IFIT5	1	DMG
DMG2_3	CNN3	1	DMG
DMG2_5	CXCL10	2	DMG
DMG2_5	PLSCR1	2	DMG
DMG2_5	OAS2	2	DMG
DMG2_5	GBP3	2	DMG
DMG2_5	USP18	2	DMG
DMG2_5	IFI35	2	DMG
DMG2_5	APOL6	2	DMG
DMG2_5	XAF1	2	DMG
DMG2_5	C5orf56	2	DMG
DMG2_5	PARP9	2	DMG
DMG2_5	GBP1	2	DMG
DMG2_5	IFIT2	2	DMG
DMG2_5	EPSTI1	2	DMG
DMG2_5	DHX58	2	DMG
DMG2_5	HCST	2	DMG
DMG2_5	HERC5	2	DMG
DMG2_5	MX2	2	DMG
DMG2_5	IFIH1	2	DMG
DMG2_5	PARP12	2	DMG
DMG2_5	DDX58	2	DMG
DMG2_5	SP110	2	DMG
DMG2_5	PARP14	2	DMG
DMG2_5	TRIM22	2	DMG
DMG2_5	UBA7	2	DMG
DMG2_5	ISG20	2	DMG
DMG2_5	SAMD9	2	DMG
DMG2_5	IRF7	2	DMG
DMG2_5	DTX3L	2	DMG
DMG2_5	NMI	2	DMG
DMG2_5	CCL4	2	DMG
DMG2_5	PARP10	2	DMG
DMG2_5	CCL4L2	2	DMG
DMG2_6	FOLR1	2	DMG
DMG2_6	SLC13A4	2	DMG
DMG2_6	RARRES2	2	DMG
DMG2_6	SERPINF1	2	DMG
DMG2_6	CP	2	DMG
DMG2_6	PRLR	2	DMG
DMG2_6	F5	2	DMG
DMG2_6	TTR	2	DMG
DMG2_6	TRPM3	2	DMG
DMG2_6	C9orf24	2	DMG
DMG2_6	PPP1R1B	2	DMG
DMG2_6	KCNJ13	2	DMG
DMG2_6	SLC5A5	2	DMG
DMG2_6	SOSTDC1	2	DMG
DMG2_6	HTR2C	2	DMG
DMG2_6	TPD52L1	2	DMG
DMG2_6	SLC22A8	2	DMG
DMG2_6	WFIKKN2	2	DMG
DMG2_6	TGFBI	2	DMG
DMG2_6	SCNN1A	2	DMG
DMG2_6	SLC16A12	2	DMG
DMG2_6	AC007906.2	2	DMG
DMG2_6	S100A6	2	DMG
DMG2_6	CFAP126	2	DMG
DMG2_6	SFRP5	2	DMG
DMG2_6	CAPS	2	DMG
DMG2_6	C11orf88	2	DMG
DMG2_6	OTX2	2	DMG
DMG2_6	TNFSF13	2	DMG
DMG2_6	C14orf180	2	DMG
DMG2_6	SNHG18	2	DMG
DMG2_6	FBP2	2	DMG
DMG2_6	DMKN	2	DMG
DMG2_6	FAM183A	2	DMG
DMG2_6	WDR38	2	DMG
DMG2_6	HSPA2	2	DMG
DMG2_6	CES1	2	DMG
DMG2_6	CLDN3	2	DMG
DMG2_6	FAM81B	2	DMG
DMG2_6	MGP	2	DMG
DMG2_6	CAPSL	2	DMG
DMG2_6	IER3	2	DMG
DMG2_6	CFAP157	2	DMG
DMG2_6	CHI3L1	2	DMG
DMG2_6	AC104809.2	2	DMG
DMG2_6	CCL3L1	2	DMG
DMG2_7	SLC6A20	2	DMG
DMG2_7	KLK11	2	DMG
DMG2_7	AL031710.1	2	DMG
DMG2_7	AC019197.1	2	DMG
DMG2_7	C9orf135	2	DMG
DMG2_7	NXNL1	2	DMG
DMG2_7	ARMC3	2	DMG
DMG2_7	AP002008.4	2	DMG
DMG2_7	PLA1A	2	DMG
DMG2_7	ADTRP	2	DMG
DMG2_7	SERPIND1	2	DMG
DMG2_7	AC126696.2	2	DMG
DMG2_7	CCNO	2	DMG
DMG2_7	POU2AF1	2	DMG
DMG2_7	TMEM72	2	DMG
DMG2_7	ELL3	2	DMG
DMG2_7	GALNT5	2	DMG
DMG2_7	FYB2	2	DMG
DMG2_7	TEX11	2	DMG
DMG2_7	AL831784.1	2	DMG
DMG2_7	SIX3	2	DMG
DMG2_7	SIX3-AS1	2	DMG
DMG2_7	ATP4B	2	DMG
DMG2_7	KLHDC7A	2	DMG
DMG2_7	LINC02660	2	DMG
DMG2_7	MS4A8	2	DMG
DMG2_7	C11orf97	2	DMG
DMG2_7	AC020907.1	2	DMG
DMG2_7	AL355103.1	2	DMG
DMG2_7	CFAP161	2	DMG
DMG2_7	SLC28A3	2	DMG
DMG2_7	CLUL1	2	DMG
DMG2_7	LINC02754	2	DMG
DMG2_7	SLC7A4	2	DMG
DMG2_7	DLGAP1-AS5	2	DMG
DMG2_7	AK7	2	DMG
DMG2_7	RSPH9	2	DMG
DMG2_7	RASEF	2	DMG
GBM3_0	H19	1	GBM_IDH_WT
GBM3_0	ACSF2	1	GBM_IDH_WT
GBM3_0	SGK1	1	GBM_IDH_WT
GBM3_0	PLP1	1	GBM_IDH_WT
GBM3_0	PLAAT1	1	GBM_IDH_WT
GBM3_0	CHAD	1	GBM_IDH_WT
GBM3_0	COL9A1	1	GBM_IDH_WT
GBM3_0	PLPPR1	1	GBM_IDH_WT
GBM3_0	PLLP	1	GBM_IDH_WT
GBM3_0	FAM107B	1	GBM_IDH_WT
GBM3_0	UGT8	1	GBM_IDH_WT
GBM3_0	NANOS1	1	GBM_IDH_WT
GBM3_0	GAL3ST1	1	GBM_IDH_WT
GBM3_0	MIR3681HG	1	GBM_IDH_WT
GBM3_0	RRM2	1	GBM_IDH_WT
GBM3_0	ZWINT	1	GBM_IDH_WT
GBM3_0	AOPEP	1	GBM_IDH_WT
GBM3_0	GRB14	1	GBM_IDH_WT
GBM3_0	NUSAP1	1	GBM_IDH_WT
GBM3_0	WASF1	1	GBM_IDH_WT
GBM3_0	NMU	1	GBM_IDH_WT
GBM3_0	SLCO4A1-AS1	1	GBM_IDH_WT
GBM3_0	ELMO1	1	GBM_IDH_WT
GBM3_0	BAMBI	1	GBM_IDH_WT
GBM3_0	RNF175	1	GBM_IDH_WT
GBM3_0	LINC01896	1	GBM_IDH_WT
GBM3_0	FCRLA	1	GBM_IDH_WT
GBM3_0	SFRP2	1	GBM_IDH_WT
GBM3_0	SLCO4A1	1	GBM_IDH_WT
GBM3_0	CMTM5	1	GBM_IDH_WT
GBM3_0	S100A1	1	GBM_IDH_WT
GBM3_0	LRRK2	1	GBM_IDH_WT
GBM3_0	CDH19	1	GBM_IDH_WT
GBM3_0	CHRDL1	1	GBM_IDH_WT
GBM3_0	KCNK12	1	GBM_IDH_WT
GBM3_0	KCNS3	1	GBM_IDH_WT
GBM3_0	AC090692.1	1	GBM_IDH_WT
GBM3_0	MND1	1	GBM_IDH_WT
GBM3_0	RGR	1	GBM_IDH_WT
GBM3_0	NKX2-5	1	GBM_IDH_WT
GBM3_0	CENPA	1	GBM_IDH_WT
GBM3_0	RASGEF1B	1	GBM_IDH_WT
GBM3_0	AZGP1	1	GBM_IDH_WT
GBM3_0	AC108488.1	1	GBM_IDH_WT
GBM3_0	LINC01170	1	GBM_IDH_WT
GBM3_0	HOXD9	1	GBM_IDH_WT
GBM3_0	AC025154.2	1	GBM_IDH_WT
GBM3_0	SALL3	1	GBM_IDH_WT
GBM3_0	SLCO3A1	1	GBM_IDH_WT
GBM3_0	BMPER	1	GBM_IDH_WT
GBM3_1	NNAT	1	GBM_IDH_WT
GBM3_1	SOX4	1	GBM_IDH_WT
GBM3_1	STMN2	1	GBM_IDH_WT
GBM3_1	AL627171.2	1	GBM_IDH_WT
GBM3_1	TTC3	1	GBM_IDH_WT
GBM3_1	TCF4	1	GBM_IDH_WT
GBM3_1	VAMP2	1	GBM_IDH_WT
GBM3_1	LINC00632	1	GBM_IDH_WT
GBM3_1	RTN1	1	GBM_IDH_WT
GBM3_1	RGS16	1	GBM_IDH_WT
GBM3_1	CXXC5	1	GBM_IDH_WT
GBM3_1	RHOBTB3	1	GBM_IDH_WT
GBM3_1	ATP1B2	1	GBM_IDH_WT
GBM3_1	C3	1	GBM_IDH_WT
GBM3_1	ZBTB20	1	GBM_IDH_WT
GBM3_1	RASD1	1	GBM_IDH_WT
GBM3_1	NFIA	1	GBM_IDH_WT
GBM3_1	NFIX	1	GBM_IDH_WT
GBM3_1	CRMP1	1	GBM_IDH_WT
GBM3_1	ELAVL3	1	GBM_IDH_WT
GBM3_1	RIT2	1	GBM_IDH_WT
GBM3_1	DCX	1	GBM_IDH_WT
GBM3_1	C1QC	1	GBM_IDH_WT
GBM3_1	GABBR2	1	GBM_IDH_WT
GBM3_1	PKIB	1	GBM_IDH_WT
GBM3_1	ETV1	1	GBM_IDH_WT
GBM3_1	NFIB	1	GBM_IDH_WT
GBM3_1	CD24	1	GBM_IDH_WT
GBM3_1	SOX11	1	GBM_IDH_WT
GBM3_1	ELAVL4	1	GBM_IDH_WT
GBM3_1	MAPT	1	GBM_IDH_WT
GBM3_1	MT-ATP8	1	GBM_IDH_WT
GBM3_1	RND3	1	GBM_IDH_WT
GBM3_1	NHLH1	1	GBM_IDH_WT
GBM3_1	BPTF	1	GBM_IDH_WT
GBM3_1	NAV1	1	GBM_IDH_WT
GBM3_1	CD14	1	GBM_IDH_WT
GBM3_1	SNCB	1	GBM_IDH_WT
GBM3_1	BTBD17	1	GBM_IDH_WT
GBM3_1	CCND2	1	GBM_IDH_WT
GBM3_1	STAT3	1	GBM_IDH_WT
GBM3_1	GNAO1	1	GBM_IDH_WT
GBM3_1	PBX1	1	GBM_IDH_WT
GBM3_1	NCOR1	1	GBM_IDH_WT
GBM3_1	INA	1	GBM_IDH_WT
GBM3_1	NUDT3	1	GBM_IDH_WT
GBM3_1	CEP170	1	GBM_IDH_WT
GBM3_1	TCAF1	1	GBM_IDH_WT
GBM3_1	ZBTB16	1	GBM_IDH_WT
GBM3_1	ANOS1	1	GBM_IDH_WT
GBM3_3	CFAP126	2	GBM_IDH_WT
GBM3_3	AL357093.2	2	GBM_IDH_WT
GBM3_3	C1orf194	2	GBM_IDH_WT
GBM3_3	FOXJ1	2	GBM_IDH_WT
GBM3_3	CAPS	2	GBM_IDH_WT
GBM3_3	DYDC2	2	GBM_IDH_WT
GBM3_3	RSPH1	2	GBM_IDH_WT
GBM3_3	FAM183A	2	GBM_IDH_WT
GBM3_3	ROPN1L	2	GBM_IDH_WT
GBM3_3	PIFO	2	GBM_IDH_WT
GBM3_3	CFAP73	2	GBM_IDH_WT
GBM3_3	C5orf49	2	GBM_IDH_WT
GBM3_3	DYNLRB2	2	GBM_IDH_WT
GBM3_3	C11orf88	2	GBM_IDH_WT
GBM3_3	ZMYND10	2	GBM_IDH_WT
GBM3_3	KIF9	2	GBM_IDH_WT
GBM3_3	CCDC173	2	GBM_IDH_WT
GBM3_3	MLC1	2	GBM_IDH_WT
GBM3_3	SLC38A5	2	GBM_IDH_WT
GBM3_3	LINC00844	2	GBM_IDH_WT
GBM3_3	WDR38	2	GBM_IDH_WT
GBM3_3	TCTEX1D1	2	GBM_IDH_WT
GBM3_3	APLNR	2	GBM_IDH_WT
GBM3_3	CFAP157	2	GBM_IDH_WT
GBM3_3	TMEM47	2	GBM_IDH_WT
GBM3_3	LINC01088	2	GBM_IDH_WT
GBM3_3	BBOX1	2	GBM_IDH_WT
GBM3_3	C9orf116	2	GBM_IDH_WT
GBM3_3	MORN5	2	GBM_IDH_WT
GBM3_3	ITGB4	2	GBM_IDH_WT
GBM3_3	NME5	2	GBM_IDH_WT
GBM3_3	TMEM231	2	GBM_IDH_WT
GBM3_3	PACRG	2	GBM_IDH_WT
GBM3_3	ENKUR	2	GBM_IDH_WT
GBM3_3	CCDC146	2	GBM_IDH_WT
GBM3_3	COLEC12	2	GBM_IDH_WT
GBM3_3	SLC44A3	2	GBM_IDH_WT
GBM3_3	CP	2	GBM_IDH_WT
GBM3_3	CABCOCO1	2	GBM_IDH_WT
GBM3_3	NEK11	2	GBM_IDH_WT
GBM3_3	IFIT1	2	GBM_IDH_WT
GBM3_3	CCDC157	2	GBM_IDH_WT
GBM3_3	CCDC40	2	GBM_IDH_WT
GBM3_3	CEP126	2	GBM_IDH_WT
GBM3_3	DNAAF4	2	GBM_IDH_WT
GBM3_4	OCIAD2	2	GBM_IDH_WT
GBM3_4	LINC01705	2	GBM_IDH_WT
GBM3_4	DKK1	2	GBM_IDH_WT
GBM3_4	CXCL14	2	GBM_IDH_WT
GBM3_4	NEFL	2	GBM_IDH_WT
GBM3_4	CAV1	2	GBM_IDH_WT
GBM3_4	IL11	2	GBM_IDH_WT
GBM3_4	VSNL1	2	GBM_IDH_WT
GBM3_4	DCBLD2	2	GBM_IDH_WT
GBM3_4	IGFBP6	2	GBM_IDH_WT
GBM3_4	SLC14A1	2	GBM_IDH_WT
GBM3_4	SOX3	2	GBM_IDH_WT
GBM3_4	STEAP1	2	GBM_IDH_WT
GBM3_4	SPHK1	2	GBM_IDH_WT
GBM3_4	GAS2	2	GBM_IDH_WT
GBM3_4	PTPRN	2	GBM_IDH_WT
GBM3_4	CCN4	2	GBM_IDH_WT
GBM3_4	LINC00551	2	GBM_IDH_WT
GBM3_4	BTNL8	2	GBM_IDH_WT
GBM3_4	GFPT2	2	GBM_IDH_WT
GBM3_4	SEMA3A	2	GBM_IDH_WT
GBM3_4	FBN2	2	GBM_IDH_WT
GBM3_4	ELOVL6	2	GBM_IDH_WT
GBM3_4	TFPI2	2	GBM_IDH_WT
GBM3_4	AC022035.1	2	GBM_IDH_WT
GBM3_4	GPAT3	2	GBM_IDH_WT
GBM3_4	CYB5R2	2	GBM_IDH_WT
GBM3_4	SYNGR3	2	GBM_IDH_WT
GBM3_4	GNLY	2	GBM_IDH_WT
GBM3_4	MET	2	GBM_IDH_WT
GBM3_4	PCLO	2	GBM_IDH_WT
GBM3_4	SLC16A4	2	GBM_IDH_WT
GBM3_4	NRSN1	2	GBM_IDH_WT
GBM3_4	PRSS12	2	GBM_IDH_WT
GBM3_4	LINC01630	2	GBM_IDH_WT
GBM3_4	CALY	2	GBM_IDH_WT
GBM3_4	DIRAS2	2	GBM_IDH_WT
GBM3_4	PERP	2	GBM_IDH_WT
GBM3_4	NPR3	2	GBM_IDH_WT
GBM3_4	TTC39B	2	GBM_IDH_WT
GBM3_4	DMTN	2	GBM_IDH_WT
GBM3_4	KDELR3	2	GBM_IDH_WT
GBM3_4	SLC12A8	2	GBM_IDH_WT
GBM3_4	PRSS3	2	GBM_IDH_WT
GBM3_4	ASPHD1	2	GBM_IDH_WT
GBM3_4	VLDLR	2	GBM_IDH_WT
GBM3_4	NEFM	2	GBM_IDH_WT
GBM3_4	CHRNA9	2	GBM_IDH_WT
GBM3_5	ADM	2	GBM_IDH_WT
GBM3_5	VEGFA	2	GBM_IDH_WT
GBM3_5	NDRG1	2	GBM_IDH_WT
GBM3_5	LGALS3	2	GBM_IDH_WT
GBM3_5	BNIP3	2	GBM_IDH_WT
GBM3_5	NRN1	2	GBM_IDH_WT
GBM3_5	IGFBP2	2	GBM_IDH_WT
GBM3_5	C15orf48	2	GBM_IDH_WT
GBM3_5	P4HA1	2	GBM_IDH_WT
GBM3_5	CXCL8	2	GBM_IDH_WT
GBM3_5	DDIT3	2	GBM_IDH_WT
GBM3_5	SLC2A3	2	GBM_IDH_WT
GBM3_5	NPTX1	2	GBM_IDH_WT
GBM3_5	HK2	2	GBM_IDH_WT
GBM3_5	RAB42	2	GBM_IDH_WT
GBM3_5	HAMP	2	GBM_IDH_WT
GBM3_5	SLC6A6	2	GBM_IDH_WT
GBM3_5	BHLHE40	2	GBM_IDH_WT
GBM3_5	PLIN2	2	GBM_IDH_WT
GBM3_5	SLC16A3	2	GBM_IDH_WT
GBM3_5	HSPA6	2	GBM_IDH_WT
GBM3_5	AK4	2	GBM_IDH_WT
GBM3_5	OLFM1	2	GBM_IDH_WT
GBM3_5	NUPR1	2	GBM_IDH_WT
GBM3_5	HSPA1A	2	GBM_IDH_WT
GBM3_5	CA9	2	GBM_IDH_WT
GBM3_5	HSPA1B	2	GBM_IDH_WT
GBM3_5	MT1H	2	GBM_IDH_WT
GBM3_5	MT1G	2	GBM_IDH_WT
GBM3_5	OTOA	2	GBM_IDH_WT
GBM3_5	RGS11	2	GBM_IDH_WT
GBM3_5	ERO1A	2	GBM_IDH_WT
GBM3_5	BCL2A1	2	GBM_IDH_WT
GBM3_5	SNHG12	2	GBM_IDH_WT
GBM3_5	MIR210HG	2	GBM_IDH_WT
GBM3_5	CA12	2	GBM_IDH_WT
GBM3_5	LSP1	2	GBM_IDH_WT
GBM3_5	ERRFI1	2	GBM_IDH_WT
GBM3_5	SYNPO	2	GBM_IDH_WT
GBM3_5	GAL	2	GBM_IDH_WT
GBM3_5	HRK	2	GBM_IDH_WT
GBM3_5	S100A9	2	GBM_IDH_WT
GBM3_5	EGLN3	2	GBM_IDH_WT
GBM3_5	ARG2	2	GBM_IDH_WT
GBM3_5	ICAM1	2	GBM_IDH_WT
GBM3_5	RAB20	2	GBM_IDH_WT
GBM3_5	LOX	2	GBM_IDH_WT
GBM3_6	SOX18	2	GBM_IDH_WT
GBM3_6	TM4SF18	2	GBM_IDH_WT
GBM3_6	ROBO4	2	GBM_IDH_WT
GBM3_6	IBSP	2	GBM_IDH_WT
GBM3_6	ADGRF5	2	GBM_IDH_WT
GBM3_6	COL6A3	2	GBM_IDH_WT
GBM3_6	LRRC32	2	GBM_IDH_WT
GBM3_6	ADGRA2	2	GBM_IDH_WT
GBM3_6	PDGFRB	2	GBM_IDH_WT
GBM3_6	ITGA1	2	GBM_IDH_WT
GBM3_6	GJA4	2	GBM_IDH_WT
GBM3_6	COL3A1	2	GBM_IDH_WT
GBM3_6	TMEM204	2	GBM_IDH_WT
GBM3_6	HSPG2	2	GBM_IDH_WT
GBM3_6	COL1A1	2	GBM_IDH_WT
GBM3_6	ENPEP	2	GBM_IDH_WT
GBM3_6	COL1A2	2	GBM_IDH_WT
GBM3_6	SEMA3F	2	GBM_IDH_WT
GBM3_6	CD248	2	GBM_IDH_WT
GBM3_6	MMP11	2	GBM_IDH_WT
GBM3_6	PGF	2	GBM_IDH_WT
GBM3_6	ACE	2	GBM_IDH_WT
GBM3_6	EDNRA	2	GBM_IDH_WT
GBM3_6	COL4A2	2	GBM_IDH_WT
GBM3_6	THBD	2	GBM_IDH_WT
GBM3_6	BCL6B	2	GBM_IDH_WT
GBM3_6	HTRA3	2	GBM_IDH_WT
GBM3_6	MYL9	2	GBM_IDH_WT
GBM3_6	COL4A1	2	GBM_IDH_WT
GBM3_6	FLT4	2	GBM_IDH_WT
GBM3_6	FN1	2	GBM_IDH_WT
GBM3_6	ESM1	2	GBM_IDH_WT
GBM3_6	TMEM74B	2	GBM_IDH_WT
GBM3_6	PRF1	2	GBM_IDH_WT
GBM3_6	IL3RA	2	GBM_IDH_WT
GBM3_6	LUM	2	GBM_IDH_WT
GBM3_6	ADAMTS2	2	GBM_IDH_WT
GBM3_6	PEAR1	2	GBM_IDH_WT
GBM3_6	MYO1D	2	GBM_IDH_WT
GBM3_6	MMP9	2	GBM_IDH_WT
GBM3_6	LAMC3	2	GBM_IDH_WT
GBM3_6	EGFL6	2	GBM_IDH_WT
GBM3_6	GPR4	2	GBM_IDH_WT
GBM3_6	OR51E1	2	GBM_IDH_WT
GBM3_6	FAM241A	2	GBM_IDH_WT
GBM3_6	HSD11B2	2	GBM_IDH_WT
GBM3_6	CALHM5	2	GBM_IDH_WT
GBM3_6	CSAG1	2	GBM_IDH_WT
GBM3_6	CARMN	2	GBM_IDH_WT
DMG4_0	RPL13A	1	DMG
DMG4_0	RPS27A	1	DMG
DMG4_0	APOC1	1	DMG
DMG4_0	MALAT1	1	DMG
DMG4_0	SNORC	1	DMG
DMG4_0	AC009041.2	1	DMG
DMG4_0	HES6	1	DMG
DMG4_0	NMB	1	DMG
DMG4_0	GAS5	1	DMG
DMG4_0	LINC00844	1	DMG
DMG4_0	ADIRF	1	DMG
DMG4_0	SFRP2	1	DMG
DMG4_0	SOX8	1	DMG
DMG4_0	PFKFB2	1	DMG
DMG4_0	SNHG19	1	DMG
DMG4_0	PDGFRA	1	DMG
DMG4_0	VWCE	1	DMG
DMG4_0	PGA5	1	DMG
DMG4_0	LUZP2	1	DMG
DMG4_0	ANKRD12	1	DMG
DMG4_0	DAAM2	1	DMG
DMG4_0	CD24	1	DMG
DMG4_0	SRSF11	1	DMG
DMG4_0	FGF12	1	DMG
DMG4_0	ACTN2	1	DMG
DMG4_0	SNHG5	1	DMG
DMG4_0	KCNQ1OT1	1	DMG
DMG4_0	ST6GAL2	1	DMG
DMG4_0	FNDC1	1	DMG
DMG4_0	SLC1A1	1	DMG
DMG4_0	ETNPPL	1	DMG
DMG4_0	PTCH1	1	DMG
DMG4_0	TMIGD3	1	DMG
DMG4_0	PCDH15	1	DMG
DMG4_0	RFTN2	1	DMG
DMG4_0	PPP1R1A	1	DMG
DMG4_0	COBL	1	DMG
DMG4_0	MYO7B	1	DMG
DMG4_0	GABPB1-AS1	1	DMG
DMG4_0	LPIN1	1	DMG
DMG4_0	SLC16A9	1	DMG
DMG4_0	RASL10A	1	DMG
DMG4_0	PNRC2	1	DMG
DMG4_0	MSTN	1	DMG
DMG4_0	LINC00342	1	DMG
DMG4_0	HIST3H2A	1	DMG
DMG4_0	SALL3	1	DMG
DMG4_0	PCSK6	1	DMG
DMG4_0	CHD9	1	DMG
DMG4_0	MIR9-3HG	1	DMG
DMG4_1	LTF	2	DMG
DMG4_1	COL6A2	2	DMG
DMG4_1	COL1A1	2	DMG
DMG4_1	COL6A3	2	DMG
DMG4_1	IGLC2	2	DMG
DMG4_1	COL1A2	2	DMG
DMG4_1	ADAMTS1	2	DMG
DMG4_1	MGP	2	DMG
DMG4_1	COL3A1	2	DMG
DMG4_1	CRIP1	2	DMG
DMG4_1	COL18A1	2	DMG
DMG4_1	PRF1	2	DMG
DMG4_1	SPON2	2	DMG
DMG4_1	LUM	2	DMG
DMG4_1	PCOLCE	2	DMG
DMG4_1	MMP9	2	DMG
DMG4_1	MXRA5	2	DMG
DMG4_1	MMP11	2	DMG
DMG4_1	SLN	2	DMG
DMG4_1	IBSP	2	DMG
DMG4_1	MYL9	2	DMG
DMG4_1	IGFBP4	2	DMG
DMG4_1	LOXL2	2	DMG
DMG4_1	CD248	2	DMG
DMG4_1	LRRC32	2	DMG
DMG4_1	SEMA3F	2	DMG
DMG4_1	HTRA3	2	DMG
DMG4_1	EGFLAM	2	DMG
DMG4_1	HEYL	2	DMG
DMG4_1	PLVAP	2	DMG
DMG4_1	RCN3	2	DMG
DMG4_1	C1QTNF6	2	DMG
DMG4_1	GPER1	2	DMG
DMG4_1	OAF	2	DMG
DMG4_1	ENPEP	2	DMG
DMG4_1	COX4I2	2	DMG
DMG4_1	ITGA10	2	DMG
DMG4_1	SDC2	2	DMG
DMG4_1	STRA6	2	DMG
DMG4_1	TNFAIP6	2	DMG
DMG4_1	FOXD1	2	DMG
DMG4_1	PLEK2	2	DMG
DMG4_1	HAPLN1	2	DMG
DMG4_1	TBX2	2	DMG
DMG4_1	TRPC6	2	DMG
DMG4_1	CEMIP2	2	DMG
DMG4_1	TRAM2	2	DMG
DMG4_1	KCNE3	2	DMG
DMG4_1	LEFTY2	2	DMG
DMG4_1	ESM1	2	DMG
DMG4_2	SHD	3	DMG
DMG4_2	ACAN	3	DMG
DMG4_2	IGLC1	3	DMG
DMG4_2	MOG	3	DMG
DMG4_2	CHADL	3	DMG
DMG4_2	MAG	3	DMG
DMG4_2	ENPP2	3	DMG
DMG4_2	TAGLN3	3	DMG
DMG4_2	CAPN3	3	DMG
DMG4_2	S100A8	3	DMG
DMG4_2	CDKN2C	3	DMG
DMG4_2	NANOS1	3	DMG
DMG4_2	PCDH11X	3	DMG
DMG4_2	BRINP1	3	DMG
DMG4_2	ZNF777	3	DMG
DMG4_2	ASPM	3	DMG
DMG4_2	JCHAIN	3	DMG
DMG4_2	IGFBPL1	3	DMG
DMG4_2	AC018647.1	3	DMG
DMG4_2	HES5	3	DMG
DMG4_2	SEC22A	3	DMG
DMG4_2	CRB2	3	DMG
DMG4_2	TMEM132C	3	DMG
DMG4_2	SPSB4	3	DMG
DMG4_2	S100A3	3	DMG
DMG4_2	ARHGAP5-AS1	3	DMG
DMG4_2	MOB3B	3	DMG
DMG4_2	PROSER1	3	DMG
DMG4_2	HCFC2	3	DMG
DMG4_2	IGHA1	3	DMG
DMG4_2	ENPP6	3	DMG
DMG4_2	FMOD	3	DMG
DMG4_2	CXCL14	3	DMG
DMG4_2	UBE2QL1	3	DMG
DMG4_2	PLK1	3	DMG
DMG4_2	CEP131	3	DMG
DMG4_2	GRIK4	3	DMG
DMG4_2	CENPH	3	DMG
DMG4_2	TMCC2	3	DMG
DMG4_2	E2F1	3	DMG
DMG4_2	ZNF365	3	DMG
DMG4_2	RAMP3	3	DMG
DMG4_2	TIMELESS	3	DMG
DMG4_2	COL14A1	3	DMG
DMG4_2	EYA3	3	DMG
DMG4_2	VSTM2L	3	DMG
DMG4_2	SH3GL3	3	DMG
DMG4_2	TMEM178A	3	DMG
GBM2_0	COL1A2	2	GBM_IDH_WT
GBM2_0	RAMP1	2	GBM_IDH_WT
GBM2_0	POSTN	2	GBM_IDH_WT
GBM2_0	CCL2	2	GBM_IDH_WT
GBM2_0	IGLC2	2	GBM_IDH_WT
GBM2_0	TENM2	2	GBM_IDH_WT
GBM2_0	IGHA2	2	GBM_IDH_WT
GBM2_0	ISLR	2	GBM_IDH_WT
GBM2_0	METTL7B	2	GBM_IDH_WT
GBM2_0	SGCE	2	GBM_IDH_WT
GBM2_0	COL8A1	2	GBM_IDH_WT
GBM2_0	FAM3C	2	GBM_IDH_WT
GBM2_0	CLDN5	2	GBM_IDH_WT
GBM2_0	GGT5	2	GBM_IDH_WT
GBM2_0	ACP6	2	GBM_IDH_WT
GBM2_0	OLR1	2	GBM_IDH_WT
GBM2_0	GPR37	2	GBM_IDH_WT
GBM2_0	AC091729.3	2	GBM_IDH_WT
GBM2_0	JCHAIN	2	GBM_IDH_WT
GBM2_0	GRB10	2	GBM_IDH_WT
GBM2_0	ITM2A	2	GBM_IDH_WT
GBM2_0	MRPS17	2	GBM_IDH_WT
GBM2_0	LINC01198	2	GBM_IDH_WT
GBM2_0	ADAMTS14	2	GBM_IDH_WT
GBM2_0	AC093673.1	2	GBM_IDH_WT
GBM2_0	KCNH2	2	GBM_IDH_WT
GBM2_0	SEC14L2	2	GBM_IDH_WT
GBM2_0	PSPH	2	GBM_IDH_WT
GBM2_0	TMEM98	2	GBM_IDH_WT
GBM2_0	CNTN2	2	GBM_IDH_WT
GBM2_0	STS	2	GBM_IDH_WT
GBM2_0	LTBP1	2	GBM_IDH_WT
GBM2_0	SLC1A3	2	GBM_IDH_WT
GBM2_0	IGHA1	2	GBM_IDH_WT
GBM2_0	FPR1	2	GBM_IDH_WT
GBM2_0	LIMA1	2	GBM_IDH_WT
GBM2_0	CDKN2B	2	GBM_IDH_WT
GBM2_0	DUSP6	2	GBM_IDH_WT
GBM2_0	HIBADH	2	GBM_IDH_WT
GBM2_0	CACNA2D1	2	GBM_IDH_WT
GBM2_0	IGHG1	2	GBM_IDH_WT
GBM2_0	STK17A	2	GBM_IDH_WT
GBM2_0	MFAP4	2	GBM_IDH_WT
GBM2_0	ST7	2	GBM_IDH_WT
GBM2_0	ARAP3	2	GBM_IDH_WT
GBM2_0	NUP42	2	GBM_IDH_WT
GBM2_0	PHKG1	2	GBM_IDH_WT
GBM2_0	OSBPL3	2	GBM_IDH_WT
GBM2_0	NLGN4X	2	GBM_IDH_WT
GBM2_0	HAMP	2	GBM_IDH_WT
GBM2_2	FABP3	2	GBM_IDH_WT
GBM2_2	LINC02573	2	GBM_IDH_WT
GBM2_2	UPP1	2	GBM_IDH_WT
GBM2_2	PTGDS	2	GBM_IDH_WT
GBM2_2	ADM	2	GBM_IDH_WT
GBM2_2	MFAP5	2	GBM_IDH_WT
GBM2_2	HK2	2	GBM_IDH_WT
GBM2_2	NDUFA4L2	2	GBM_IDH_WT
GBM2_2	CPA4	2	GBM_IDH_WT
GBM2_2	DDIT4	2	GBM_IDH_WT
GBM2_2	RGS1	2	GBM_IDH_WT
GBM2_2	NDRG1	2	GBM_IDH_WT
GBM2_2	SCD	2	GBM_IDH_WT
GBM2_2	NXPH4	2	GBM_IDH_WT
GBM2_2	RALA	2	GBM_IDH_WT
GBM2_2	HILPDA	2	GBM_IDH_WT
GBM2_2	S100A1	2	GBM_IDH_WT
GBM2_2	GPNMB	2	GBM_IDH_WT
GBM2_2	ABCA13	2	GBM_IDH_WT
GBM2_2	SLC2A3	2	GBM_IDH_WT
GBM2_2	METTL27	2	GBM_IDH_WT
GBM2_2	CA9	2	GBM_IDH_WT
GBM2_2	ASPHD1	2	GBM_IDH_WT
GBM2_2	SEMA3B	2	GBM_IDH_WT
GBM2_2	FCGR2B	2	GBM_IDH_WT
GBM2_2	MUC12	2	GBM_IDH_WT
GBM2_2	SERINC2	2	GBM_IDH_WT
GBM2_2	PLIN2	2	GBM_IDH_WT
GBM2_2	IGDCC4	2	GBM_IDH_WT
GBM2_2	EMILIN2	2	GBM_IDH_WT
GBM2_2	C19orf81	2	GBM_IDH_WT
GBM2_2	CLEC5A	2	GBM_IDH_WT
GBM2_2	ADAM8	2	GBM_IDH_WT
GBM2_2	LSP1	2	GBM_IDH_WT
GBM2_2	CSF1	2	GBM_IDH_WT
GBM2_2	EIF2AK3	2	GBM_IDH_WT
GBM2_2	PIM1	2	GBM_IDH_WT
GBM2_2	ZNF385A	2	GBM_IDH_WT
GBM2_4	TNC	1	GBM_IDH_WT
GBM2_4	TDO2	1	GBM_IDH_WT
GBM2_4	TPM2	1	GBM_IDH_WT
GBM2_4	GPM6A	1	GBM_IDH_WT
GBM2_4	ABHD17C	1	GBM_IDH_WT
GBM2_4	IFITM1	1	GBM_IDH_WT
GBM2_4	SOX21	1	GBM_IDH_WT
GBM2_4	MLIP	1	GBM_IDH_WT
GBM2_4	PRSS35	1	GBM_IDH_WT
GBM2_4	NPTX2	1	GBM_IDH_WT
GBM2_4	SEH1L	1	GBM_IDH_WT
GBM2_4	RASSF9	1	GBM_IDH_WT
GBM2_4	SYTL2	1	GBM_IDH_WT
GBM2_4	CLIC6	1	GBM_IDH_WT
GBM2_4	HEATR5A	1	GBM_IDH_WT
GBM2_4	HCP5	1	GBM_IDH_WT
GBM2_4	EPHA5	1	GBM_IDH_WT
GBM2_4	LRIG3	1	GBM_IDH_WT
GBM2_4	HAS2	1	GBM_IDH_WT
GBM2_4	HRCT1	1	GBM_IDH_WT
GBM2_4	NCALD	1	GBM_IDH_WT
GBM2_4	MRVI1	1	GBM_IDH_WT
GBM2_4	DEPDC1	1	GBM_IDH_WT
GBM2_4	RAB27B	1	GBM_IDH_WT
GBM2_4	IGLC1	1	GBM_IDH_WT
GBM2_4	C18orf21	1	GBM_IDH_WT
GBM2_4	RNMT	1	GBM_IDH_WT
GBM2_4	ME1	1	GBM_IDH_WT
GBM2_4	KLHL13	1	GBM_IDH_WT
GBM2_4	DNM1	1	GBM_IDH_WT
GBM2_4	CENPV	1	GBM_IDH_WT
GBM2_4	CCNE2	1	GBM_IDH_WT
GBM2_4	B4GALT6	1	GBM_IDH_WT
GBM2_4	CEP192	1	GBM_IDH_WT
GBM2_4	KCNMB1	1	GBM_IDH_WT
GBM2_4	PTCHD1	1	GBM_IDH_WT
GBM2_4	PRC1	1	GBM_IDH_WT
GBM2_4	ALPL	1	GBM_IDH_WT
GBM2_4	MRTFA	1	GBM_IDH_WT
GBM2_4	INKA2	1	GBM_IDH_WT
GBM2_4	PIGN	1	GBM_IDH_WT
GBM2_4	CENPP	1	GBM_IDH_WT
GBM2_4	LINC00909	1	GBM_IDH_WT
GBM2_4	CNFN	1	GBM_IDH_WT
GBM2_4	KIF2A	1	GBM_IDH_WT
GBM2_4	PEX3	1	GBM_IDH_WT
GBM2_4	DOK5	1	GBM_IDH_WT
GBM2_4	ANKRD65	1	GBM_IDH_WT
GBM2_4	AP001269.4	1	GBM_IDH_WT
GBM2_5	AQP9	2	GBM_IDH_WT
GBM2_5	F13A1	2	GBM_IDH_WT
GBM2_5	MIR205HG	2	GBM_IDH_WT
GBM2_5	SOD2	2	GBM_IDH_WT
GBM2_5	PTGIS	2	GBM_IDH_WT
GBM2_5	HSPB8	2	GBM_IDH_WT
GBM2_5	OLFM1	2	GBM_IDH_WT
GBM2_5	CXCL12	2	GBM_IDH_WT
GBM2_5	CSKMT	2	GBM_IDH_WT
GBM2_5	TPSB2	2	GBM_IDH_WT
GBM2_5	SGPP2	2	GBM_IDH_WT
GBM2_5	NRN1	2	GBM_IDH_WT
GBM2_5	TNFRSF18	2	GBM_IDH_WT
GBM2_5	CHI3L2	2	GBM_IDH_WT
GBM2_5	SAA1	2	GBM_IDH_WT
GBM2_5	TNFAIP2	2	GBM_IDH_WT
GBM2_5	GJB3	2	GBM_IDH_WT
GBM2_5	GNLY	2	GBM_IDH_WT
GBM2_5	IRX3	2	GBM_IDH_WT
GBM2_5	SLC39A14	2	GBM_IDH_WT
GBM2_5	TSLP	2	GBM_IDH_WT
GBM2_5	S100B	2	GBM_IDH_WT
GBM2_5	SLC43A2	2	GBM_IDH_WT
GBM2_5	SLC4A1AP	2	GBM_IDH_WT
GBM2_5	GYPC	2	GBM_IDH_WT
GBM2_5	CXCL10	2	GBM_IDH_WT
GBM2_5	TSPYL5	2	GBM_IDH_WT
GBM2_5	C15orf48	2	GBM_IDH_WT
GBM2_5	CD40	2	GBM_IDH_WT
GBM2_5	AC015912.3	2	GBM_IDH_WT
GBM2_5	PERP	2	GBM_IDH_WT
GBM2_5	AC022613.1	2	GBM_IDH_WT
GBM2_5	MYLPF	2	GBM_IDH_WT
GBM2_5	CRTAC1	2	GBM_IDH_WT
GBM2_5	FSTL3	2	GBM_IDH_WT
GBM2_5	AIFM2	2	GBM_IDH_WT
GBM2_10	PDGFRB	2	GBM_IDH_WT
GBM2_10	GJA4	2	GBM_IDH_WT
GBM2_10	HIGD1B	2	GBM_IDH_WT
GBM2_10	LRRC32	2	GBM_IDH_WT
GBM2_10	DCN	2	GBM_IDH_WT
GBM2_10	PLAC9	2	GBM_IDH_WT
GBM2_10	CLEC14A	2	GBM_IDH_WT
GBM2_10	ENPEP	2	GBM_IDH_WT
GBM2_10	ANGPT2	2	GBM_IDH_WT
GBM2_10	TM4SF18	2	GBM_IDH_WT
GBM2_10	PPP1R14A	2	GBM_IDH_WT
GBM2_10	EDNRA	2	GBM_IDH_WT
GBM2_10	PGF	2	GBM_IDH_WT
GBM2_10	SEMA3F	2	GBM_IDH_WT
GBM2_10	PLVAP	2	GBM_IDH_WT
GBM2_10	SOX18	2	GBM_IDH_WT
GBM2_10	COX7A1	2	GBM_IDH_WT
GBM2_10	LUM	2	GBM_IDH_WT
GBM2_10	ESM1	2	GBM_IDH_WT
GBM2_10	TFPI	2	GBM_IDH_WT
GBM2_10	CFH	2	GBM_IDH_WT
GBM2_10	EBF1	2	GBM_IDH_WT
GBM2_10	LAMC3	2	GBM_IDH_WT
GBM2_10	COL18A1	2	GBM_IDH_WT
GBM2_10	RNF152	2	GBM_IDH_WT
GBM2_10	ECSCR	2	GBM_IDH_WT
GBM2_10	KCNS3	2	GBM_IDH_WT
GBM2_10	PCAT19	2	GBM_IDH_WT
GBM2_10	GPR4	2	GBM_IDH_WT
GBM2_10	PEAR1	2	GBM_IDH_WT
GBM2_10	INPP4B	2	GBM_IDH_WT
GBM2_10	MPZL2	2	GBM_IDH_WT
GBM2_10	HECW2	2	GBM_IDH_WT
GBM2_10	RAPGEF5	2	GBM_IDH_WT
GBM2_10	SLIT3	2	GBM_IDH_WT
GBM2_10	NOSTRIN	2	GBM_IDH_WT
GBM2_10	ACTG2	2	GBM_IDH_WT
GBM2_10	EMCN	2	GBM_IDH_WT
GBM2_10	HEPH	2	GBM_IDH_WT
GBM2_10	SMOC2	2	GBM_IDH_WT
GBM2_10	CARMN	2	GBM_IDH_WT
GBM2_10	ADAMTSL2	2	GBM_IDH_WT
GBM2_10	EGFL6	2	GBM_IDH_WT
GBM2_10	FOXS1	2	GBM_IDH_WT
GBM2_10	PRELP	2	GBM_IDH_WT
GBM2_10	STC1	2	GBM_IDH_WT
GBM5_1_0	NRGN	3	GBM_IDH_WT
GBM5_1_0	SLC17A7	3	GBM_IDH_WT
GBM5_1_0	CREG2	3	GBM_IDH_WT
GBM5_1_0	SNCB	3	GBM_IDH_WT
GBM5_1_0	ATP1A3	3	GBM_IDH_WT
GBM5_1_0	FBXL16	3	GBM_IDH_WT
GBM5_1_0	MBP	3	GBM_IDH_WT
GBM5_1_0	CALY	3	GBM_IDH_WT
GBM5_1_0	NEFL	3	GBM_IDH_WT
GBM5_1_0	NPTXR	3	GBM_IDH_WT
GBM5_1_0	IGLC2	3	GBM_IDH_WT
GBM5_1_0	NPTX1	3	GBM_IDH_WT
GBM5_1_0	GRIN1	3	GBM_IDH_WT
GBM5_1_0	SYN2	3	GBM_IDH_WT
GBM5_1_0	CRYM	3	GBM_IDH_WT
GBM5_1_0	PTPRN	3	GBM_IDH_WT
GBM5_1_0	ARHGDIG	3	GBM_IDH_WT
GBM5_1_0	ATP2B2	3	GBM_IDH_WT
GBM5_1_0	GABRA1	3	GBM_IDH_WT
GBM5_1_0	C1QTNF4	3	GBM_IDH_WT
GBM5_1_0	KCNK1	3	GBM_IDH_WT
GBM5_1_0	SV2B	3	GBM_IDH_WT
GBM5_1_0	CHGA	3	GBM_IDH_WT
GBM5_1_0	SYT5	3	GBM_IDH_WT
GBM5_1_0	TUBA4A	3	GBM_IDH_WT
GBM5_1_0	PACSIN1	3	GBM_IDH_WT
GBM5_1_0	CLEC2L	3	GBM_IDH_WT
GBM5_1_0	FRRS1L	3	GBM_IDH_WT
GBM5_1_0	NNAT	3	GBM_IDH_WT
GBM5_1_0	LGI3	3	GBM_IDH_WT
GBM5_1_0	GABRB2	3	GBM_IDH_WT
GBM5_1_0	SLC6A17	3	GBM_IDH_WT
GBM5_1_0	TAC1	3	GBM_IDH_WT
GBM5_1_0	STX1B	3	GBM_IDH_WT
GBM5_1_0	PTPN5	3	GBM_IDH_WT
GBM5_1_0	SLC8A2	3	GBM_IDH_WT
GBM5_1_0	TTC9B	3	GBM_IDH_WT
GBM5_1_0	KCNC2	3	GBM_IDH_WT
GBM5_1_0	PCSK2	3	GBM_IDH_WT
GBM5_1_0	ICAM5	3	GBM_IDH_WT
GBM5_1_0	INA	3	GBM_IDH_WT
GBM5_1_0	C11orf87	3	GBM_IDH_WT
GBM5_1_0	AK5	3	GBM_IDH_WT
GBM5_1_0	SYT13	3	GBM_IDH_WT
GBM5_1_0	MAL2	3	GBM_IDH_WT
GBM5_1_0	PIANP	3	GBM_IDH_WT
GBM5_1_0	RIMBP2	3	GBM_IDH_WT
GBM5_1_0	SPOCK3	3	GBM_IDH_WT
GBM5_1_0	SLC32A1	3	GBM_IDH_WT
GBM5_1_0	TPPP	3	GBM_IDH_WT
GBM5_1_1	LCN10	2	GBM_IDH_WT
GBM5_1_1	ITM2A	2	GBM_IDH_WT
GBM5_1_1	SLC38A5	2	GBM_IDH_WT
GBM5_1_1	CAVIN2	2	GBM_IDH_WT
GBM5_1_1	XAF1	2	GBM_IDH_WT
GBM5_1_1	COL9A1	2	GBM_IDH_WT
GBM5_1_1	DPEP1	2	GBM_IDH_WT
GBM5_1_1	MMP28	2	GBM_IDH_WT
GBM5_1_1	BCL6B	2	GBM_IDH_WT
GBM5_1_1	CD34	2	GBM_IDH_WT
GBM5_1_1	EMCN	2	GBM_IDH_WT
GBM5_1_1	ABCG2	2	GBM_IDH_WT
GBM5_1_1	RASGRP3	2	GBM_IDH_WT
GBM5_1_1	MMP25	2	GBM_IDH_WT
GBM5_1_1	FLT4	2	GBM_IDH_WT
GBM5_1_1	LRRC36	2	GBM_IDH_WT
GBM5_1_1	CYP3A5	2	GBM_IDH_WT
GBM5_1_1	RASIP1	2	GBM_IDH_WT
GBM5_1_1	TEK	2	GBM_IDH_WT
GBM5_1_1	HSPA12B	2	GBM_IDH_WT
GBM5_1_1	TNXB	2	GBM_IDH_WT
GBM5_1_1	AFAP1L1	2	GBM_IDH_WT
GBM5_1_1	THSD1	2	GBM_IDH_WT
GBM5_1_1	MMRN1	2	GBM_IDH_WT
GBM5_1_1	ADCY4	2	GBM_IDH_WT
GBM5_1_1	ANO1	2	GBM_IDH_WT
GBM5_1_1	JCAD	2	GBM_IDH_WT
GBM5_1_1	PRKCH	2	GBM_IDH_WT
GBM5_1_1	CACNA1H	2	GBM_IDH_WT
GBM5_1_1	NOS3	2	GBM_IDH_WT
GBM5_1_1	AP000525.1	2	GBM_IDH_WT
GBM5_1_1	ERG	2	GBM_IDH_WT
GBM5_1_1	CDA	2	GBM_IDH_WT
GBM5_1_1	KLK1	2	GBM_IDH_WT
GBM5_1_1	ARHGEF15	2	GBM_IDH_WT
GBM5_1_1	FOLH1	2	GBM_IDH_WT
GBM5_1_1	HPGD	2	GBM_IDH_WT
GBM5_1_1	FOXQ1	2	GBM_IDH_WT
GBM5_1_1	PCDHB2	2	GBM_IDH_WT
GBM5_1_1	CYP3A4	2	GBM_IDH_WT
GBM5_1_1	FGD5	2	GBM_IDH_WT
GBM5_1_1	FAM110D	2	GBM_IDH_WT
GBM5_1_1	SNTG2-AS1	2	GBM_IDH_WT
GBM5_1_1	SPAAR	2	GBM_IDH_WT
GBM5_1_1	MYL4	2	GBM_IDH_WT
GBM5_1_1	ZNF467	2	GBM_IDH_WT
GBM5_1_1	CARD10	2	GBM_IDH_WT
GBM5_1_1	USHBP1	2	GBM_IDH_WT
GBM5_1_1	RUNDC3B	2	GBM_IDH_WT
GBM5_1_1	KIT	2	GBM_IDH_WT
GBM5_1_2	KRT13	4	GBM_IDH_WT
GBM5_1_2	CLDN22	4	GBM_IDH_WT
GBM5_1_2	DLK1	4	GBM_IDH_WT
GBM5_1_2	AC100803.4	4	GBM_IDH_WT
GBM5_1_2	MIR1-1HG-AS1	4	GBM_IDH_WT
GBM5_1_2	HES5	4	GBM_IDH_WT
GBM5_1_2	GOLGA8O	4	GBM_IDH_WT
GBM5_1_2	LDB3	4	GBM_IDH_WT
GBM5_1_2	ZNF114	4	GBM_IDH_WT
GBM5_1_2	TMEM179	4	GBM_IDH_WT
GBM5_1_2	GANC	4	GBM_IDH_WT
GBM5_1_2	AC092164.1	4	GBM_IDH_WT
GBM5_1_2	KIAA1257	4	GBM_IDH_WT
GBM5_1_2	TCTEX1D1	4	GBM_IDH_WT
GBM5_1_2	SRRM3	4	GBM_IDH_WT
GBM5_1_2	LINC01978	4	GBM_IDH_WT
GBM5_1_2	PKP2	4	GBM_IDH_WT
GBM5_1_2	LRRC3	4	GBM_IDH_WT
GBM5_1_2	TRIM7	4	GBM_IDH_WT
GBM5_1_2	FCMR	4	GBM_IDH_WT
GBM5_1_2	AC068473.5	4	GBM_IDH_WT
GBM5_1_2	RASSF9	4	GBM_IDH_WT
GBM5_1_2	CHST9	4	GBM_IDH_WT
GBM5_1_2	KIAA1755	4	GBM_IDH_WT
GBM5_1_2	MYBL1	4	GBM_IDH_WT
GBM5_1_2	LINC01133	4	GBM_IDH_WT
GBM5_1_2	STEAP1B	4	GBM_IDH_WT
GBM5_1_2	MBNL3	4	GBM_IDH_WT
GBM5_1_2	HOTAIR	4	GBM_IDH_WT
GBM5_1_2	HAS3	4	GBM_IDH_WT
GBM5_1_2	TTLL9	4	GBM_IDH_WT
GBM5_1_4	MMP9	2	GBM_IDH_WT
GBM5_1_4	COL1A1	2	GBM_IDH_WT
GBM5_1_4	CCL2	2	GBM_IDH_WT
GBM5_1_4	IBSP	2	GBM_IDH_WT
GBM5_1_4	MMP7	2	GBM_IDH_WT
GBM5_1_4	PLAU	2	GBM_IDH_WT
GBM5_1_4	PRF1	2	GBM_IDH_WT
GBM5_1_4	FST	2	GBM_IDH_WT
GBM5_1_4	CD36	2	GBM_IDH_WT
GBM5_1_4	LEFTY2	2	GBM_IDH_WT
GBM5_1_4	COL6A3	2	GBM_IDH_WT
GBM5_1_4	THBS1	2	GBM_IDH_WT
GBM5_1_4	CSAG1	2	GBM_IDH_WT
GBM5_1_4	LUM	2	GBM_IDH_WT
GBM5_1_4	ACE2	2	GBM_IDH_WT
GBM5_1_4	ADRA1B	2	GBM_IDH_WT
GBM5_1_4	ADAMTS1	2	GBM_IDH_WT
GBM5_1_4	OSMR	2	GBM_IDH_WT
GBM5_1_4	CCL4	2	GBM_IDH_WT
GBM5_1_4	ADAMTS4	2	GBM_IDH_WT
GBM5_1_4	LOX	2	GBM_IDH_WT
GBM5_1_4	EGFLAM	2	GBM_IDH_WT
GBM5_1_4	GDF10	2	GBM_IDH_WT
GBM5_1_4	RGS22	2	GBM_IDH_WT
GBM5_1_4	TRPV2	2	GBM_IDH_WT
GBM5_1_4	CCL3	2	GBM_IDH_WT
GBM5_1_4	PLEK2	2	GBM_IDH_WT
GBM5_1_4	HLX	2	GBM_IDH_WT
GBM5_1_4	CCL4L2	2	GBM_IDH_WT
GBM5_1_4	KRT18	2	GBM_IDH_WT
GBM5_1_5	MYRF	2	GBM_IDH_WT
GBM5_1_5	BPIFB4	2	GBM_IDH_WT
GBM5_1_5	AEBP1	2	GBM_IDH_WT
GBM5_1_5	PEAR1	2	GBM_IDH_WT
GBM5_1_5	BIK	2	GBM_IDH_WT
GBM5_1_5	MAL	2	GBM_IDH_WT
GBM5_1_5	SUSD2	2	GBM_IDH_WT
GBM5_1_5	CARNS1	2	GBM_IDH_WT
GBM5_1_5	LRRC71	2	GBM_IDH_WT
GBM5_1_5	TTLL10	2	GBM_IDH_WT
GBM5_1_5	KIFC2	2	GBM_IDH_WT
GBM5_1_5	AL670729.3	2	GBM_IDH_WT
GBM5_1_5	MYO7B	2	GBM_IDH_WT
GBM5_1_5	TONSL	2	GBM_IDH_WT
GBM5_1_5	SRL	2	GBM_IDH_WT
GBM5_1_5	TBC1D10C	2	GBM_IDH_WT
GBM5_1_5	LGR6	2	GBM_IDH_WT
GBM5_1_5	UTF1	2	GBM_IDH_WT
GBM5_1_5	EPPK1	2	GBM_IDH_WT
GBM5_1_5	AC010976.2	2	GBM_IDH_WT
GBM5_1_5	AC073957.3	2	GBM_IDH_WT
GBM5_1_5	CHRNA3	2	GBM_IDH_WT
GBM5_1_5	CCDC120	2	GBM_IDH_WT
GBM5_1_5	MLPH	2	GBM_IDH_WT
GBM5_1_5	POLN	2	GBM_IDH_WT
GBM5_1_5	CLIC3	2	GBM_IDH_WT
GBM5_1_5	CACNA1G	2	GBM_IDH_WT
GBM5_1_5	AL354836.1	2	GBM_IDH_WT
GBM5_1_5	LINC00242	2	GBM_IDH_WT
GBM5_1_5	PDE6B	2	GBM_IDH_WT
GBM5_1_5	HOXA9	2	GBM_IDH_WT
GBM5_1_5	OPLAH	2	GBM_IDH_WT
GBM5_1_5	MIR210HG	2	GBM_IDH_WT
GBM5_1_5	GRK1	2	GBM_IDH_WT
GBM5_1_5	GALNT6	2	GBM_IDH_WT
GBM5_2_0	CRYAB	3	GBM5_2
GBM5_2_0	DBNDD2	3	GBM5_2
GBM5_2_0	HSPA2	3	GBM5_2
GBM5_2_0	ANLN	3	GBM5_2
GBM5_2_0	GPR37	3	GBM5_2
GBM5_2_0	COL4A5	3	GBM5_2
GBM5_2_0	PLEKHH1	3	GBM5_2
GBM5_2_0	CHADL	3	GBM5_2
GBM5_2_0	FA2H	3	GBM5_2
GBM5_2_0	GLTP	3	GBM5_2
GBM5_2_0	BOK	3	GBM5_2
GBM5_2_0	CDKN1C	3	GBM5_2
GBM5_2_0	CMTM5	3	GBM5_2
GBM5_2_0	TMEM63A	3	GBM5_2
GBM5_2_0	GJB1	3	GBM5_2
GBM5_2_0	DPYSL5	3	GBM5_2
GBM5_2_0	AC018647.1	3	GBM5_2
GBM5_2_0	FOLH1	3	GBM5_2
GBM5_2_0	TMEM125	3	GBM5_2
GBM5_2_0	TREM2	3	GBM5_2
GBM5_2_0	NINJ2	3	GBM5_2
GBM5_2_0	CYP27A1	3	GBM5_2
GBM5_2_0	ASPA	3	GBM5_2
GBM5_2_0	PACC1	3	GBM5_2
GBM5_2_0	AL359091.1	3	GBM5_2
GBM5_2_0	RBP7	3	GBM5_2
GBM5_2_0	LINC00320	3	GBM5_2
GBM5_2_0	ERBB3	3	GBM5_2
GBM5_2_0	FAM222A	3	GBM5_2
GBM5_2_0	RASGRP3	3	GBM5_2
GBM5_2_0	LDLRAP1	3	GBM5_2
GBM5_2_0	C21orf91	3	GBM5_2
GBM5_2_0	MAP3K11	3	GBM5_2
GBM5_2_0	ST18	3	GBM5_2
GBM5_2_0	TRIM59	3	GBM5_2
GBM5_2_0	GPR62	3	GBM5_2
GBM5_2_0	LDB3	3	GBM5_2
GBM5_2_0	SLC5A11	3	GBM5_2
GBM5_2_0	CA14	3	GBM5_2
GBM5_2_0	TMEM235	3	GBM5_2
GBM5_2_0	EFS	3	GBM5_2
GBM5_2_0	FAM124A	3	GBM5_2
GBM5_2_0	TYMSOS	3	GBM5_2
GBM5_2_0	AC009063.2	3	GBM5_2
GBM5_2_0	ENPP6	3	GBM5_2
GBM5_2_0	CCL4	3	GBM5_2
GBM5_2_0	CCL3L1	3	GBM5_2
GBM5_2_0	SLC25A13	3	GBM5_2
GBM5_2_0	CCL4L2	3	GBM5_2
GBM5_2_0	TGFA	3	GBM5_2
GBM5_2_1	STMN2	3	GBM5_2
GBM5_2_1	NEFL	3	GBM5_2
GBM5_2_1	SYN2	3	GBM5_2
GBM5_2_1	NEFM	3	GBM5_2
GBM5_2_1	TUBA4A	3	GBM5_2
GBM5_2_1	CHGA	3	GBM5_2
GBM5_2_1	SNCG	3	GBM5_2
GBM5_2_1	ARC	3	GBM5_2
GBM5_2_1	TTC9B	3	GBM5_2
GBM5_2_1	SH3GL2	3	GBM5_2
GBM5_2_1	STX1A	3	GBM5_2
GBM5_2_1	SYT4	3	GBM5_2
GBM5_2_1	HPCA	3	GBM5_2
GBM5_2_1	NEFH	3	GBM5_2
GBM5_2_1	TRHDE	3	GBM5_2
GBM5_2_1	SULT4A1	3	GBM5_2
GBM5_2_1	PTPRT	3	GBM5_2
GBM5_2_1	SYT13	3	GBM5_2
GBM5_2_1	RORB	3	GBM5_2
GBM5_2_1	NEUROD2	3	GBM5_2
GBM5_2_1	PARM1	3	GBM5_2
GBM5_2_1	STAC2	3	GBM5_2
GBM5_2_1	SMYD2	3	GBM5_2
GBM5_2_1	CLSTN2	3	GBM5_2
GBM5_2_1	SLC25A22	3	GBM5_2
GBM5_2_1	CAMK1G	3	GBM5_2
GBM5_2_1	TAFA2	3	GBM5_2
GBM5_2_1	PVALB	3	GBM5_2
GBM5_2_1	FABP3	3	GBM5_2
GBM5_2_1	MRAP2	3	GBM5_2
GBM5_2_1	CADPS2	3	GBM5_2
GBM5_2_1	HRH3	3	GBM5_2
GBM5_2_1	C2orf80	3	GBM5_2
GBM5_2_1	ELAVL2	3	GBM5_2
GBM5_2_1	RAB26	3	GBM5_2
GBM5_2_1	ARL4D	3	GBM5_2
GBM5_2_1	GABRA5	3	GBM5_2
GBM5_2_1	SSTR2	3	GBM5_2
GBM5_2_1	HTR2A	3	GBM5_2
GBM5_2_1	CKMT1B	3	GBM5_2
GBM5_2_1	SVOP	3	GBM5_2
GBM5_2_1	SRRM4	3	GBM5_2
GBM5_2_1	RAB27B	3	GBM5_2
GBM5_2_1	TRNP1	3	GBM5_2
GBM5_2_1	TMEM155	3	GBM5_2
GBM5_2_1	ZDHHC22	3	GBM5_2
GBM5_2_1	DUSP2	3	GBM5_2
GBM5_2_1	BEND5	3	GBM5_2
GBM5_2_1	NRSN1	3	GBM5_2
GBM5_2_1	OLFM3	3	GBM5_2
GBM5_2_3	NGFR	2	GBM5_2
GBM5_2_3	SAA1	2	GBM5_2
GBM5_2_3	CHI3L1	2	GBM5_2
GBM5_2_3	SAA2	2	GBM5_2
GBM5_2_3	TAGLN	2	GBM5_2
GBM5_2_3	NANOS1	2	GBM5_2
GBM5_2_3	CHI3L2	2	GBM5_2
GBM5_2_3	SPOCD1	2	GBM5_2
GBM5_2_3	SOCS3	2	GBM5_2
GBM5_2_3	GBP2	2	GBM5_2
GBM5_2_3	MEST	2	GBM5_2
GBM5_2_3	HP	2	GBM5_2
GBM5_2_3	NAMPT	2	GBM5_2
GBM5_2_3	CCL21	2	GBM5_2
GBM5_2_3	TIMP1	2	GBM5_2
GBM5_2_3	GBP1	2	GBM5_2
GBM5_2_3	IL18BP	2	GBM5_2
GBM5_2_3	TAP1	2	GBM5_2
GBM5_2_3	EMILIN2	2	GBM5_2
GBM5_2_3	HBB	2	GBM5_2
GBM5_2_3	LTF	2	GBM5_2
GBM5_2_3	PGAM2	2	GBM5_2
GBM5_2_3	HSPG2	2	GBM5_2
GBM5_2_3	BACE2	2	GBM5_2
GBM5_2_3	COL4A1	2	GBM5_2
GBM5_2_3	HBA1	2	GBM5_2
GBM5_2_3	IFIT3	2	GBM5_2
GBM5_2_3	ISG20	2	GBM5_2
GBM5_2_3	HBA2	2	GBM5_2
GBM5_2_3	TUBA1C	2	GBM5_2
GBM5_2_3	COL1A1	2	GBM5_2
GBM5_2_3	IFI35	2	GBM5_2
GBM5_2_3	COL4A2	2	GBM5_2
GBM5_2_3	SERPINH1	2	GBM5_2
GBM5_2_3	BMP8A	2	GBM5_2
GBM5_2_3	PRIMA1	2	GBM5_2
GBM5_2_3	BTN3A2	2	GBM5_2
GBM5_2_3	C1orf162	2	GBM5_2
GBM5_2_3	TNFRSF12A	2	GBM5_2
GBM5_2_3	ICAM1	2	GBM5_2
GBM5_2_3	CD93	2	GBM5_2
GBM5_2_3	SLC6A6	2	GBM5_2
GBM5_2_3	TRIM56	2	GBM5_2
GBM5_2_3	METTL7B	2	GBM5_2
GBM5_2_3	EMILIN1	2	GBM5_2
GBM5_2_8	SFRP2	4	GBM5_2
GBM5_2_8	SPON1	4	GBM5_2
GBM5_2_8	HOTAIRM1	4	GBM5_2
GBM5_2_8	B3GAT2	4	GBM5_2
GBM5_2_8	LRRC17	4	GBM5_2
GBM5_2_8	SOX4	4	GBM5_2
GBM5_2_8	MASP1	4	GBM5_2
GBM5_2_8	F2R	4	GBM5_2
GBM5_2_8	SNCAIP	4	GBM5_2
GBM5_2_8	SOX21	4	GBM5_2
GBM5_2_8	EMILIN3	4	GBM5_2
GBM5_2_8	SLC7A11	4	GBM5_2
GBM5_2_8	LFNG	4	GBM5_2
GBM5_2_8	GIHCG	4	GBM5_2
GBM5_2_8	ZIC1	4	GBM5_2
GBM5_2_8	CCDC80	4	GBM5_2
GBM5_2_8	MDFIC	4	GBM5_2
GBM5_2_8	ELN	4	GBM5_2
GBM5_2_8	AC004540.2	4	GBM5_2
GBM5_2_8	AC025159.1	4	GBM5_2
GBM5_2_8	SHISA6	4	GBM5_2
GBM5_2_8	TSPAN12	4	GBM5_2
GBM5_2_8	SMAD9	4	GBM5_2
GBM5_2_8	NR2E1	4	GBM5_2
GBM5_2_8	RAVER2	4	GBM5_2
GBM5_2_8	PHYHD1	4	GBM5_2
GBM5_2_8	NKAIN3-IT1	4	GBM5_2
GBM5_2_8	PIK3R3	4	GBM5_2
GBM5_2_8	EEF1AKMT3	4	GBM5_2
GBM5_2_8	EMX2	4	GBM5_2
GBM5_2_8	TEAD1	4	GBM5_2
GBM5_2_8	MSI1	4	GBM5_2
GBM5_2_8	MSX1	4	GBM5_2
GBM5_2_8	FAM189A2	4	GBM5_2
GBM5_2_8	ATP13A4	4	GBM5_2
GBM5_2_8	IGSF1	4	GBM5_2
GBM5_2_8	ST6GAL2	4	GBM5_2
GBM5_2_8	FBXL7	4	GBM5_2
